u,v,way_id,length_m,dist_to_point_m,highway,bridge,access,surface,tracktype,ford,culvert,layer,name,tunnel,motor_vehicle,crosses_waterway
5883093052,12465434118,30778557,26.1,586,primary,,,asphalt,,,,,Kalpetta - Meppadi Road,,,
5883093052,3842230794,30778557,38.4,562,primary,,,asphalt,,,,,Kalpetta - Meppadi Road,,,
3249489285,3249489290,30778557,29.9,1489,primary,,,asphalt,,,,,Kalpetta - Meppadi Road,,,
3249489285,3842230892,30778557,11.2,1478,primary,,,asphalt,,,,,Kalpetta - Meppadi Road,,,
3249489286,3842230892,30778557,20.4,1459,primary,,,asphalt,,,,,Kalpetta - Meppadi Road,,,
3249489286,3249489287,30778557,17.3,1446,primary,,,asphalt,,,,,Kalpetta - Meppadi Road,,,
3249489287,3842230901,30778557,22.1,1434,primary,,,asphalt,,,,,Kalpetta - Meppadi Road,,,
3249489294,12465434112,30778557,1.7,1428,primary,,,asphalt,,,,,Kalpetta - Meppadi Road,,,
3249489294,3842230913,30778557,15.0,1423,primary,,,asphalt,,,,,Kalpetta - Meppadi Road,,,
3842230572,3842230576,30778557,3.9,27,primary,,,asphalt,,,,,Kalpetta - Meppadi Road,,,
3842230572,3842230570,30778557,8.0,20,primary,,,asphalt,,,,,Kalpetta - Meppadi Road,,,
3842230576,3842230588,30778557,20.2,29,primary,,,asphalt,,,,,Kalpetta - Meppadi Road,,,
3842230604,3842230605,30778557,3.2,107,primary,,,asphalt,,,,,Kalpetta - Meppadi Road,,,
3842230604,3842230601,30778557,22.0,85,primary,,,asphalt,,,,,Kalpetta - Meppadi Road,,,
3842230608,3842230607,30778557,35.4,173,primary,,,asphalt,,,,,Kalpetta - Meppadi Road,,,
3842230608,5880623015,30778557,9.7,165,primary,,,asphalt,,,,,Kalpetta - Meppadi Road,,,
3842230607,3842230609,30778557,20.5,204,primary,,,asphalt,,,,,Kalpetta - Meppadi Road,,,
3842230610,5880623016,30778557,25.4,144,primary,,,asphalt,,,,,Kalpetta - Meppadi Road,,,
3842230610,11306510852,30778557,24.4,128,primary,,,asphalt,,,,,Kalpetta - Meppadi Road,,,
3842230609,3842230615,30778557,33.6,224,primary,,,asphalt,,,,,Kalpetta - Meppadi Road,,,
3842230615,3842230622,30778557,31.6,257,primary,,,asphalt,,,,,Kalpetta - Meppadi Road,,,
3842230622,3842230628,30778557,57.4,289,primary,,,asphalt,,,,,Kalpetta - Meppadi Road,,,
3842230628,3842230634,30778557,52.1,340,primary,,,asphalt,,,,,Kalpetta - Meppadi Road,,,
3842230634,3842230649,30778557,31.4,381,primary,,,asphalt,,,,,Kalpetta - Meppadi Road,,,
3842230649,3842230760,30778557,30.3,403,primary,,,asphalt,,,,,Kalpetta - Meppadi Road,,,
3842230760,3842230771,30778557,22.7,417,primary,,,asphalt,,,,,Kalpetta - Meppadi Road,,,
3842230771,3842230775,30778557,10.3,425,primary,,,asphalt,,,,,Kalpetta - Meppadi Road,,,
3842230775,3842230778,30778557,8.2,433,primary,,,asphalt,,,,,Kalpetta - Meppadi Road,,,
3842230778,3842230782,30778557,5.3,439,primary,,,asphalt,,,,,Kalpetta - Meppadi Road,,,
3842230782,12465434120,30778557,8.0,443,primary,,,asphalt,,,,,Kalpetta - Meppadi Road,,,
3842230784,3842230786,30778557,23.3,469,primary,,,asphalt,,,,,Kalpetta - Meppadi Road,,,
3842230784,12465434120,30778557,25.4,450,primary,,,asphalt,,,,,Kalpetta - Meppadi Road,,,
3842230785,3842230788,30778557,67.7,625,primary,,,asphalt,,,,,Kalpetta - Meppadi Road,,,
3842230785,12465434118,30778557,31.5,603,primary,,,asphalt,,,,,Kalpetta - Meppadi Road,,,
3842230786,3842230792,30778557,26.4,487,primary,,,asphalt,,,,,Kalpetta - Meppadi Road,,,
11306510849,11306510852,30778557,14.4,117,primary,,,asphalt,,,,,Kalpetta - Meppadi Road,,,
11306510849,3842230605,30778557,7.3,110,primary,,,asphalt,,,,,Kalpetta - Meppadi Road,,,
3842230788,3842230789,30778557,36.9,683,primary,,,asphalt,,,,,Kalpetta - Meppadi Road,,,
3842230789,3842230791,30778557,18.7,715,primary,,,asphalt,,,,,Kalpetta - Meppadi Road,,,
3842230791,3842230798,30778557,39.8,733,primary,,,asphalt,,,,,Kalpetta - Meppadi Road,,,
3842230792,3842230795,30778557,28.9,512,primary,,,asphalt,,,,,Kalpetta - Meppadi Road,,,
3842230794,3842230795,30778557,34.4,538,primary,,,asphalt,,,,,Kalpetta - Meppadi Road,,,
3842230798,3842230804,30778557,29.9,771,primary,,,asphalt,,,,,Kalpetta - Meppadi Road,,,
3842230804,3842230814,30778557,24.4,799,primary,,,asphalt,,,,,Kalpetta - Meppadi Road,,,
3842230814,3842230819,30778557,13.5,822,primary,,,asphalt,,,,,Kalpetta - Meppadi Road,,,1304954345:stream:vellaarimala thodu
3842230819,3842230830,30778557,21.2,836,primary,,,asphalt,,,,,Kalpetta - Meppadi Road,,,
3842230830,3842230836,30778557,13.4,856,primary,,,asphalt,,,,,Kalpetta - Meppadi Road,,,
3842230836,12465434114,30778557,9.3,868,primary,,,asphalt,,,,,Kalpetta - Meppadi Road,,,
3842230845,3842230862,30778557,37.8,880,primary,,,asphalt,,,,,Kalpetta - Meppadi Road,,,
3842230845,12465434114,30778557,11.2,873,primary,,,asphalt,,,,,Kalpetta - Meppadi Road,,,
3842230862,3842230868,30778557,9.4,894,primary,,,asphalt,,,,,Kalpetta - Meppadi Road,,,
3842230868,3842230869,30778557,12.4,902,primary,,,asphalt,,,,,Kalpetta - Meppadi Road,,,
3842230869,3842230873,30778557,39.0,914,primary,,,asphalt,,,,,Kalpetta - Meppadi Road,,,
3842230873,3842230875,30778557,30.4,948,primary,,,asphalt,,,,,Kalpetta - Meppadi Road,,,1214828091:stream:chooralmala thodu
3842230875,5883092440,30778557,29.0,976,primary,,,asphalt,,,,,Kalpetta - Meppadi Road,,,
3842230916,3842230921,30778557,7.6,1346,primary,,,asphalt,,,,,Kalpetta - Meppadi Road,,,
3842230916,3842230911,30778557,38.7,1309,primary,,,asphalt,,,,,Kalpetta - Meppadi Road,,,
3842230588,12091838221,30778557,24.0,41,primary,,,asphalt,,,,,Kalpetta - Meppadi Road,,,
3842230601,12091838221,30778557,24.4,61,primary,,,asphalt,,,,,Kalpetta - Meppadi Road,,,
12465434112,3842230901,30778557,15.0,1428,primary,,,asphalt,,,,,Kalpetta - Meppadi Road,,,
5880623015,5880623016,30778557,2.9,163,primary,,,asphalt,,,,,Kalpetta - Meppadi Road,,,
3842230888,3842230891,30778557,27.2,1016,primary,,,asphalt,,,,,Kalpetta - Meppadi Road,,,
3842230888,5883092440,30778557,10.9,1005,primary,,,asphalt,,,,,Kalpetta - Meppadi Road,,,
3842230891,3842230894,30778557,20.8,1042,primary,,,asphalt,,,,,Kalpetta - Meppadi Road,,,
3842230894,3842230903,30778557,23.0,1062,primary,,,asphalt,,,,,Kalpetta - Meppadi Road,,,
3842230900,3842230904,30778557,53.0,1217,primary,,,asphalt,,,,,Kalpetta - Meppadi Road,,,
3842230900,3842230902,30778557,11.8,1208,primary,,,asphalt,,,,,Kalpetta - Meppadi Road,,,
3842230902,3842230907,30778557,23.3,1197,primary,,,asphalt,,,,,Kalpetta - Meppadi Road,,,
3842230903,3842230909,30778557,17.1,1084,primary,,,asphalt,,,,,Kalpetta - Meppadi Road,,,
3842230904,3842230908,30778557,31.6,1266,primary,,,asphalt,,,,,Kalpetta - Meppadi Road,,,
3842230907,3842230910,30778557,12.5,1190,primary,,,asphalt,,,,,Kalpetta - Meppadi Road,,,
3842230908,3842230911,30778557,11.2,1298,primary,,,asphalt,,,,,Kalpetta - Meppadi Road,,,
3842230909,3842230914,30778557,15.6,1100,primary,,,asphalt,,,,,Kalpetta - Meppadi Road,,,
3842230910,3842230919,30778557,64.3,1142,primary,,,asphalt,,,,,Kalpetta - Meppadi Road,,,
3842230913,3842230918,30778557,8.7,1420,primary,,,asphalt,,,,,Kalpetta - Meppadi Road,,,
3842230914,3842230917,30778557,14.9,1116,primary,,,asphalt,,,,,Kalpetta - Meppadi Road,,,
3842230917,3842230919,30778557,13.4,1130,primary,,,asphalt,,,,,Kalpetta - Meppadi Road,,,
3842230918,3842230920,30778557,5.5,1417,primary,,,asphalt,,,,,Kalpetta - Meppadi Road,,,
3842230920,3842230923,30778557,14.0,1408,primary,,,asphalt,,,,,Kalpetta - Meppadi Road,,,
3842230921,3842230924,30778557,7.1,1354,primary,,,asphalt,,,,,Kalpetta - Meppadi Road,,,
3842230923,3842230926,30778557,11.9,1400,primary,,,asphalt,,,,,Kalpetta - Meppadi Road,,,
3842230924,3842230932,30778557,13.1,1359,primary,,,asphalt,,,,,Kalpetta - Meppadi Road,,,
3842230926,3842230929,30778557,9.4,1398,primary,,,asphalt,,,,,Kalpetta - Meppadi Road,,,
3842230929,3842230935,30778557,8.4,1398,primary,,,asphalt,,,,,Kalpetta - Meppadi Road,,,
3842230932,3842230938,30778557,9.9,1367,primary,,,asphalt,,,,,Kalpetta - Meppadi Road,,,
3842230935,3842230939,30778557,9.2,1401,primary,,,asphalt,,,,,Kalpetta - Meppadi Road,,,
3842230938,3842230941,30778557,8.2,1373,primary,,,asphalt,,,,,Kalpetta - Meppadi Road,,,
3842230939,3842230942,30778557,7.2,1398,primary,,,asphalt,,,,,Kalpetta - Meppadi Road,,,
3842230941,3842230943,30778557,6.9,1380,primary,,,asphalt,,,,,Kalpetta - Meppadi Road,,,
3842230942,3842230944,30778557,7.2,1393,primary,,,asphalt,,,,,Kalpetta - Meppadi Road,,,
3842230943,3842230944,30778557,6.4,1387,primary,,,asphalt,,,,,Kalpetta - Meppadi Road,,,
3842230569,3842230568,380928381,3.1,54,tertiary,,permit,,,,,,,,,
3842230569,3842230574,380928381,5.1,55,tertiary,,permit,,,,,,,,,
3842230573,3842230577,380928381,8.2,22,tertiary,,permit,,,,,,,,,
3842230573,3842230566,380928381,18.1,30,tertiary,,permit,,,,,,,,,
3842230574,3842230584,380928381,18.1,56,tertiary,,permit,,,,,,,,,
3842230577,3842230578,380928381,6.9,15,tertiary,,permit,,,,,,,,,
3842230611,3842230598,380928381,44.4,163,tertiary,,permit,,,,,,,,,
3842230611,3842230623,380928381,51.1,199,tertiary,,permit,,,,,,,,,
3842230623,5880622635,380928381,8.2,243,tertiary,,permit,,,,,,,,,
3842230625,5880622635,380928381,12.9,251,tertiary,,permit,,,,,,,,,
3842230625,3842230626,380928381,30.5,264,tertiary,,permit,,,,,,,,,
3842230626,11306510857,380928381,13.0,294,tertiary,,permit,,,,,,,,,
3842230629,11306510857,380928381,32.0,306,tertiary,,permit,,,,,,,,,
3842230629,3842230630,380928381,17.4,338,tertiary,,permit,,,,,,,,,
3842230630,3842230632,380928381,17.5,355,tertiary,,permit,,,,,,,,,
3842230632,3842230652,380928381,63.5,372,tertiary,,permit,,,,,,,,,
3842230652,3842230654,380928381,9.5,431,tertiary,,permit,,,,,,,,,
3842230653,3842230654,380928381,14.6,440,tertiary,,permit,,,,,,,,,
3842230565,3842230566,380928381,3.5,46,tertiary,,permit,,,,,,,,,
3842230565,3842230567,380928381,3.7,49,tertiary,,permit,,,,,,,,,
3842230567,3842230568,380928381,3.1,52,tertiary,,permit,,,,,,,,,
3842230584,3842230586,380928381,4.9,65,tertiary,,permit,,,,,,,,,
3842230586,3842230587,380928381,5.2,69,tertiary,,permit,,,,,,,,,
3842230587,3842230589,380928381,6.7,74,tertiary,,permit,,,,,,,,,
3842230589,3842230591,380928381,22.1,81,tertiary,,permit,,,,,,,,,
3842230591,3842230592,380928381,20.5,102,tertiary,,permit,,,,,,,,,
3842230592,3842230595,380928381,25.4,123,tertiary,,permit,,,,,,,,,
3842230598,3842230595,380928381,17.7,148,tertiary,,permit,,,,,,,,,
5883093045,3842230970,380928384,8.5,934,unclassified,,,,,,,,,,,
5883093045,3842230972,380928384,39.5,927,unclassified,,,,,,,,,,,
3249489340,3842230995,380928384,24.5,1260,unclassified,,,,,,,,,,,
3842230970,3842230971,380928384,13.4,935,unclassified,,,,,,,,,,,
3842230971,3842230974,380928384,20.4,945,unclassified,,,,,,,,,,,
3842230973,3842230975,380928384,8.5,986,unclassified,,,,,,,,,,,
3842230973,3842230976,380928384,19.3,984,unclassified,,,,,,,,,,,
3842230974,3842230979,380928384,24.9,960,unclassified,,,,,,,,,,,
3842230975,3842230980,380928384,16.9,991,unclassified,,,,,,,,,,,
3842230976,3842230981,380928384,20.1,984,unclassified,,,,,,,,,,,
3842230979,3842230981,380928384,5.8,981,unclassified,,,,,,,,,,,
3842230980,3842230986,380928384,81.8,1007,unclassified,,,,,,,,,,,
3842230990,3842230991,380928384,33.3,1165,unclassified,,,,,,,,,,,
3842230990,3842230986,380928384,80.1,1088,unclassified,,,,,,,,,,,
3842230991,3842230995,380928384,76.8,1195,unclassified,,,,,,,,,,,
3842230972,3842230977,380928384,45.5,927,unclassified,,,,,,,,,,,
3842230578,3842230570,380928388,35.4,15,tertiary,yes,permissive,metal,,,,1,Bailey Bridge,,,794270372:stream:Punnappuzha
12093678615,3842230928,380928392,41.7,691,track,,,,,,,,,,yes,
12093678615,3842230937,380928392,20.9,684,track,,,,,,,,,,yes,
3842230819,3842230835,380928392,15.9,836,track,,,,,,,,,,yes,
3842230835,3842230840,380928392,24.6,840,track,,,,,,,,,,yes,
3842230840,3842230846,380928392,12.0,849,track,,,,,,,,,,yes,
3842230846,3842230856,380928392,32.9,839,track,,,,,,,,,,yes,
3842230856,3842230859,380928392,19.3,828,track,,,,,,,,,,yes,
3842230859,11330468693,380928392,13.2,822,track,,,,,,,,,,yes,1222410899:stream:vellaarimala thodu
3842230865,11330468693,380928392,13.8,821,track,,,,,,,,,,yes,1222410899:stream:vellaarimala thodu
3842230865,3842230871,380928392,15.3,818,track,,,,,,,,,,yes,
3842230870,12086448869,380928392,1.0,808,track,,,,,,,,,,yes,1222410899:stream:vellaarimala thodu
3842230870,3842230872,380928392,18.5,795,track,,,,,,,,,,yes,
3842230871,12086448869,380928392,11.4,809,track,,,,,,,,,,yes,1222410899:stream:vellaarimala thodu
3842230872,12086448870,380928392,17.0,792,track,,,,,,,,,,yes,1222410899:stream:vellaarimala thodu
3842230881,12086448870,380928392,5.4,791,track,,,,,,,,,,yes,1222410899:stream:vellaarimala thodu
3842230881,3842230885,380928392,8.5,785,track,,,,,,,,,,yes,1222410899:stream:vellaarimala thodu
3842230885,3842230886,380928392,32.4,765,track,,,,,,,,,,yes,1222410899:stream:vellaarimala thodu
3842230886,3842230890,380928392,44.4,746,track,,,,,,,,,,yes,
3842230890,3842230893,380928392,61.6,714,track,,,,,,,,,,yes,
3842230893,3842230912,380928392,112.3,688,track,,,,,,,,,,yes,
3842230912,3842230925,380928392,28.2,688,track,,,,,,,,,,yes,
3842230925,3842230928,380928392,17.2,694,track,,,,,,,,,,yes,
3842230930,3842230937,380928392,21.1,669,track,,,,,,,,,,yes,
5883093046,3249489356,380928396,11.1,1312,unclassified,,,,,,,,,,,
5883093046,5883093047,380928396,7.4,1317,unclassified,,,,,,,,,,,
5883093047,3249489368,380928396,20.7,1320,unclassified,,,,,,,,,,,
3249489340,3249489346,380928396,28.3,1282,unclassified,,,,,,,,,,,
3249489340,3249489345,380928396,34.5,1282,unclassified,,,,,,,,,,,
3249489341,3249489342,380928396,54.6,1421,unclassified,,,,,,,,,,,
3249489341,3842230996,380928396,12.6,1416,unclassified,,,,,,,,,,,
3249489342,3249489343,380928396,41.3,1457,unclassified,,,,,,,,,,,
3249489344,3842230996,380928396,12.0,1414,unclassified,,,,,,,,,,,
3249489344,12396056449,380928396,14.0,1412,unclassified,,,,,,,,,,,
3249489345,3249489351,380928396,24.0,1292,unclassified,,,,,,,,,,,
3249489346,3249489350,380928396,42.8,1308,unclassified,,,,,,,,,,,
3249489348,12396056449,380928396,15.6,1410,unclassified,,,,,,,,,,,
3249489348,3249489349,380928396,16.8,1405,unclassified,,,,,,,,,,,
3249489349,3249489352,380928396,27.0,1399,unclassified,,,,,,,,,,,
3249489350,11306527471,380928396,14.7,1343,unclassified,,,,,,,,,,,
3249489351,3249489356,380928396,30.7,1302,unclassified,,,,,,,,,,,
3249489352,3249489354,380928396,26.6,1388,unclassified,,,,,,,,,,,
3249489353,3842230999,380928396,11.8,1370,unclassified,,,,,,,,,,,
3249489353,11306527471,380928396,17.8,1355,unclassified,,,,,,,,,,,
3249489354,3842230999,380928396,15.6,1378,unclassified,,,,,,,,,,,
3249489368,3249489376,380928396,28.4,1329,unclassified,,,,,,,,,,,
3249489376,12396056448,380928396,61.7,1347,unclassified,,,,,,,,,,,
3249489401,12396056448,380928396,9.6,1403,unclassified,,,,,,,,,,,
3249489401,3842231013,380928396,11.8,1412,unclassified,,,,,,,,,,,
3249489404,3842231013,380928396,11.8,1422,unclassified,,,,,,,,,,,
3249489404,11306523846,380928396,26.4,1429,unclassified,,,,,,,,,,,
3249489406,11306523846,380928396,20.1,1431,unclassified,,,,,,,,,,,
3249489406,3842231014,380928396,22.5,1425,unclassified,,,,,,,,,,,
3249489407,3842231014,380928396,7.8,1425,unclassified,,,,,,,,,,,
3249489407,3249489409,380928396,25.6,1425,unclassified,,,,,,,,,,,
3249489409,3249489412,380928396,50.9,1441,unclassified,,,,,,,,,,,
3249489412,3249489414,380928396,35.3,1473,unclassified,,,,,,,,,,,
3249489414,3249489416,380928396,19.6,1492,unclassified,,,,,,,,,,,
3249489416,3842231016,380928396,7.8,1500,unclassified,,,,,,,,,,,
3842230636,3842230645,380928398,16.1,279,unclassified,,,,,,,,,,,
3842230636,3842230637,380928398,7.7,276,unclassified,,,,,,,,,,,
3842230637,3842230638,380928398,14.0,274,unclassified,,,,,,,,,,,
3842230638,3842230639,380928398,13.0,269,unclassified,,,,,,,,,,,
3842230639,3842230640,380928398,6.3,269,unclassified,,,,,,,,,,,
3842230640,3842230647,380928398,15.9,269,unclassified,,,,,,,,,,,
3842230641,3842230650,380928398,26.6,259,unclassified,,,,,,,,,,,
3842230641,3842230642,380928398,8.2,259,unclassified,,,,,,,,,,,
3842230642,3842230655,380928398,23.4,260,unclassified,,,,,,,,,,,
3842230645,3842230762,380928398,56.1,293,unclassified,,,,,,,,,,,
3842230647,3842230651,380928398,8.9,273,unclassified,,,,,,,,,,,
3842230650,3842230651,380928398,5.3,272,unclassified,,,,,,,,,,,
3842230655,3842230758,380928398,17.5,275,unclassified,,,,,,,,,,,
3842230758,3842230759,380928398,19.3,285,unclassified,,,,,,,,,,,
3842230759,3842230787,380928398,79.0,294,unclassified,,,,,,,,,,,
3842230762,5880622234,380928398,7.9,346,unclassified,,,,,,,,,,,
3842230768,12083665341,380928398,11.0,366,unclassified,,,,,,,,,,,
3842230768,5880622234,380928398,13.6,353,unclassified,,,,,,,,,,,
3842230772,3842230776,380928398,49.0,386,unclassified,,,,,,,,,,,
3842230772,12083665341,380928398,13.0,375,unclassified,,,,,,,,,,,
3842230776,3842230777,380928398,9.9,423,unclassified,,,,,,,,,,,
3842230777,3842230781,380928398,6.7,431,unclassified,,,,,,,,,,,
3842230781,3842230783,380928398,4.7,438,unclassified,,,,,,,,,,,
3842230782,3842230783,380928398,2.9,442,unclassified,,,,,,,,,,,
3842230787,3842230796,380928398,32.6,360,unclassified,,,,,,,,,,,
3842230796,3842230806,380928398,38.9,389,unclassified,,,,,,,,,,,
3842230806,5880623011,380928398,9.3,427,unclassified,,,,,,,,,,,
3842230818,5880623011,380928398,7.4,436,unclassified,,,,,,,,,,,1221678884:stream:vellaarimala thodu
3842230818,3842230841,380928398,49.0,443,unclassified,,,,,,,,,,,1221678884:stream:vellaarimala thodu
3842230841,5880622242,380928398,9.9,492,unclassified,,,,,,,,,,,
3249489294,3842230915,380928400,12.9,1428,tertiary,,,,,,,,,,,
3249489296,3842230922,380928400,16.8,1427,tertiary,,,,,,,,,,,
3249489296,3842230936,380928400,15.1,1422,tertiary,,,,,,,,,,,
3249489298,3842230936,380928400,7.6,1422,tertiary,,,,,,,,,,,
3249489298,3842230946,380928400,10.2,1422,tertiary,,,,,,,,,,,
3249489300,3842230949,380928400,12.7,1424,tertiary,,,,,,,,,,,
3249489300,3842230951,380928400,6.1,1420,tertiary,,,,,,,,,,,
3249489301,3842230952,380928400,6.4,1410,tertiary,,,,,,,,,,,
3249489301,3842230953,380928400,8.7,1410,tertiary,,,,,,,,,,,
3249489302,3842230953,380928400,16.5,1410,tertiary,,,,,,,,,,,
3249489302,3842230958,380928400,18.1,1419,tertiary,,,,,,,,,,,
3249489304,3842230958,380928400,17.2,1418,tertiary,,,,,,,,,,,
3249489304,3249489305,380928400,15.4,1414,tertiary,,,,,,,,,,,
3249489305,11306506281,380928400,21.2,1402,tertiary,,,,,,,,,,,
3249489307,11306506281,380928400,16.5,1393,tertiary,,,,,,,,,,,
3249489307,3249489308,380928400,28.1,1378,tertiary,,,,,,,,,,,
3249489308,3842230962,380928400,16.4,1368,tertiary,,,,,,,,,,,
3249489309,3842230962,380928400,16.0,1356,tertiary,,,,,,,,,,,
3249489309,3842230963,380928400,20.3,1341,tertiary,,,,,,,,,,,
3249489310,3842230963,380928400,16.4,1333,tertiary,,,,,,,,,,,
3249489310,3249489314,380928400,19.0,1332,tertiary,,,,,,,,,,,
3249489314,5883092806,380928400,8.8,1332,tertiary,,,,,,,,,,,
3249489316,5883092806,380928400,14.5,1332,tertiary,,,,,,,,,,,
3249489316,3249489320,380928400,25.1,1333,tertiary,,,,,,,,,,,
3249489320,3249489325,380928400,22.1,1343,tertiary,,,,,,,,,,,
3249489325,3249489326,380928400,14.3,1350,tertiary,,,,,,,,,,,
3249489326,3249489329,380928400,22.5,1354,tertiary,,,,,,,,,,,
3249489329,3249489330,380928400,35.7,1358,tertiary,,,,,,,,,,,
3249489330,3249489332,380928400,48.3,1364,tertiary,,,,,,,,,,,
3249489332,3249489334,380928400,42.3,1387,tertiary,,,,,,,,,,,
3249489334,3249489337,380928400,34.2,1418,tertiary,,,,,,,,,,,
3249489337,3249489338,380928400,22.9,1446,tertiary,,,,,,,,,,,
3249489338,5883092788,380928400,15.5,1466,tertiary,,,,,,,,,,,
3249489343,5883092788,380928400,8.9,1479,tertiary,,,,,,,,,,,
3842230915,3842230922,380928400,10.6,1430,tertiary,,,,,,,,,,,
3842230946,3842230947,380928400,3.5,1426,tertiary,,,,,,,,,,,
3842230947,3842230949,380928400,12.1,1427,tertiary,,,,,,,,,,,
3842230951,3842230952,380928400,9.1,1414,tertiary,,,,,,,,,,,
12085404041,3842230401,380928406,13.4,1422,unclassified,,,,,,,,,,,
12085404041,3842230404,380928406,9.7,1432,unclassified,,,,,,,,,,,
12083774568,3842230394,380928406,74.3,772,unclassified,,,,,,,,,,,
12083774568,12083774569,380928406,18.1,838,unclassified,,,,,,,,,,,
12083774569,12083774570,380928406,54.2,849,unclassified,,,,,,,,,,,
12083774570,3842230388,380928406,47.9,878,unclassified,,,,,,,,,,,
3842230362,3842230365,380928406,16.9,1313,unclassified,,,,,,,,,,,
3842230362,3842230364,380928406,16.7,1329,unclassified,,,,,,,,,,,
3842230364,3842230366,380928406,14.4,1343,unclassified,,,,,,,,,,,
3842230365,3842230367,380928406,12.4,1300,unclassified,,,,,,,,,,,
3842230366,3842230376,380928406,54.5,1353,unclassified,,,,,,,,,,,
3842230367,3842230375,380928406,46.6,1254,unclassified,,,,,,,,,,,
3842230368,3842230370,380928406,58.7,1109,unclassified,,,,,,,,,,,
3842230368,3842230369,380928406,12.1,1162,unclassified,,,,,,,,,,,
3842230369,3842230377,380928406,40.7,1171,unclassified,,,,,,,,,,,
3842230370,3842230373,380928406,54.1,1062,unclassified,,,,,,,,,,,
3842230373,3842230374,380928406,10.3,1052,unclassified,,,,,,,,,,,
3842230374,3842230378,380928406,20.3,1032,unclassified,,,,,,,,,,,
3842230375,3842230380,380928406,10.9,1244,unclassified,,,,,,,,,,,
3842230376,3842230381,380928406,11.5,1374,unclassified,,,,,,,,,,,
3842230377,3842230396,380928406,51.5,1178,unclassified,,,,,,,,,,,
3842230380,3842230389,380928406,34.8,1212,unclassified,,,,,,,,,,,
3842230381,3842230391,380928406,44.9,1376,unclassified,,,,,,,,,,,
3842230378,3842230386,380928406,37.9,994,unclassified,,,,,,,,,,,
3842230386,3842230390,380928406,31.9,963,unclassified,,,,,,,,,,,
3842230388,3842230393,380928406,61.3,908,unclassified,,,,,,,,,,,
3842230389,3842230395,380928406,15.2,1197,unclassified,,,,,,,,,,,
3842230390,3842230393,380928406,19.3,946,unclassified,,,,,,,,,,,
3842230391,3842230401,380928406,55.9,1391,unclassified,,,,,,,,,,,
3842230394,3842230399,380928406,41.3,734,unclassified,,,,,,,,,,,
3842230395,3842230397,380928406,9.4,1188,unclassified,,,,,,,,,,,
3842230396,3842230397,380928406,7.6,1183,unclassified,,,,,,,,,,,
3842230399,3842230403,380928406,27.8,708,unclassified,,,,,,,,,,,
3842230403,3842230423,380928406,145.9,572,unclassified,,,,,,,,,,,
3842230404,3842230405,380928406,22.9,1440,unclassified,,,,,,,,,,,
3842230406,3842230405,380928406,37.6,1460,unclassified,,,,,,,,,,,
3842230406,3842230407,380928406,43.6,1494,unclassified,,,,,,,,,,,
3842230423,3842230426,380928406,29.9,543,unclassified,,,,,,,,,,,
3842230426,3842230430,380928406,28.8,514,unclassified,,,,,,,,,,,
3842230430,3842230432,380928406,31.5,483,unclassified,,,,,,,,,,,
3842230432,3842230434,380928406,60.8,425,unclassified,,,,,,,,,,,
3842230434,3842230435,380928406,20.0,405,unclassified,,,,,,,,,,,
3842230435,3842230436,380928406,13.1,392,unclassified,,,,,,,,,,,
3842230436,3842230438,380928406,32.0,361,unclassified,,,,,,,,,,,
3842230439,3842230441,380928406,39.4,262,unclassified,,,,,,,,,,,
3842230439,3842230438,380928406,64.0,299,unclassified,,,,,,,,,,,
3842230441,3842230442,380928406,21.0,243,unclassified,,,,,,,,,,,
3842230442,3842230445,380928406,109.3,134,unclassified,,,,,,,,,,,
3842230445,12083763473,380928406,43.4,93,unclassified,,,,,,,,,,,
3842230456,3842230560,380928406,16.7,52,unclassified,,,,,,,,,,,
3842230456,12083763473,380928406,39.5,60,unclassified,,,,,,,,,,,
3842230603,3842230604,380928406,16.0,107,unclassified,,,,,,,,,,,
3842230603,3842230602,380928406,9.7,108,unclassified,,,,,,,,,,,
3842230560,3842230575,380928406,34.7,52,unclassified,,,,,,,,,,,
3842230575,3842230590,380928406,23.5,60,unclassified,,,,,,,,,,,
3842230590,3842230593,380928406,12.3,75,unclassified,,,,,,,,,,,
3842230593,3842230596,380928406,10.4,85,unclassified,,,,,,,,,,,
3842230596,3842230599,380928406,11.5,92,unclassified,,,,,,,,,,,
3842230599,3842230602,380928406,9.6,101,unclassified,,,,,,,,,,,
3842228226,3842228227,380928408,16.6,1470,tertiary,,permit,,,,,,,,,
3842228226,3842228225,380928408,14.7,1487,tertiary,,permit,,,,,,,,,
3842228229,3842228230,380928408,31.0,1375,tertiary,,permit,,,,,,,,,
3842228229,3842228228,380928408,16.8,1406,tertiary,,permit,,,,,,,,,
3842228235,3842228236,380928408,12.4,1246,tertiary,,permit,,,,,,,,,
3842228235,3842228234,380928408,27.1,1258,tertiary,,permit,,,,,,,,,
3842228245,3842228246,380928408,11.5,1011,tertiary,,permit,,,,,,,,,
3842228245,3842228244,380928408,21.2,1023,tertiary,,permit,,,,,,,,,
3842228252,3842228253,380928408,18.1,891,tertiary,,permit,,,,,,,,,
3842228252,3842228251,380928408,15.5,906,tertiary,,permit,,,,,,,,,
3842228254,3842228255,380928408,39.4,831,tertiary,,permit,,,,,,,,,
3842228254,3842228253,380928408,21.8,871,tertiary,,permit,,,,,,,,,
3842228255,3842228256,380928408,32.7,798,tertiary,,permit,,,,,,,,,
3842228256,3842230357,380928408,10.7,788,tertiary,,permit,,,,,,,,,
3842228251,3842228250,380928408,18.6,917,tertiary,,permit,,,,,,,,,
5888353166,3842230358,380928408,21.1,764,tertiary,,permit,,,,,,,,,
5888353166,3842230357,380928408,7.5,782,tertiary,,permit,,,,,,,,,
3842230358,3842230359,380928408,25.4,742,tertiary,,permit,,,,,,,,,
3842230359,3842230360,380928408,29.2,722,tertiary,,permit,,,,,,,,,
3842230360,3842230361,380928408,31.1,697,tertiary,,permit,,,,,,,,,
3842230361,3842230363,380928408,7.3,691,tertiary,,permit,,,,,,,,,
3842230363,3842230371,380928408,48.4,662,tertiary,,permit,,,,,,,,,
3842230371,3842230372,380928408,8.3,657,tertiary,,permit,,,,,,,,,
3842230372,3842230379,380928408,28.3,634,tertiary,,permit,,,,,,,,,
3842230379,3842230392,380928408,50.0,596,tertiary,,permit,,,,,,,,,
3842230392,3842230400,380928408,27.2,572,tertiary,,permit,,,,,,,,,
3842230400,3842230402,380928408,10.9,564,tertiary,,permit,,,,,,,,,
3842230402,3842230412,380928408,26.7,549,tertiary,,permit,,,,,,,,,
3842230412,3842230413,380928408,22.1,540,tertiary,,permit,,,,,,,,,
3842230413,3842230414,380928408,16.2,536,tertiary,,permit,,,,,,,,,
3842230414,3842230415,380928408,14.5,535,tertiary,,permit,,,,,,,,,
3842230415,3842230416,380928408,11.5,531,tertiary,,permit,,,,,,,,,
3842230416,3842230419,380928408,23.7,523,tertiary,,permit,,,,,,,,,
3842230419,3842230420,380928408,10.6,519,tertiary,,permit,,,,,,,,,
3842230420,3842230422,380928408,35.8,490,tertiary,,permit,,,,,,,,,
3842230422,3842230424,380928408,11.9,480,tertiary,,permit,,,,,,,,,
3842230424,3842230425,380928408,7.4,472,tertiary,,permit,,,,,,,,,
3842230425,3842230427,380928408,8.6,464,tertiary,,permit,,,,,,,,,
3842230427,3842230428,380928408,10.9,454,tertiary,,permit,,,,,,,,,
3842230428,3842230429,380928408,7.7,446,tertiary,,permit,,,,,,,,,
3842230429,3842230431,380928408,6.7,440,tertiary,,permit,,,,,,,,,
3842230431,3842230433,380928408,52.6,406,tertiary,,permit,,,,,,,,,
3842230433,3842230437,380928408,65.6,360,tertiary,,permit,,,,,,,,,
3842230437,3842230440,380928408,87.2,303,tertiary,,permit,,,,,,,,,
3842230440,3842230443,380928408,18.8,289,tertiary,,permit,,,,,,,,,
3842230443,5880622521,380928408,4.3,285,tertiary,,permit,,,,,,,,,
3842230444,3842230446,380928408,59.5,204,tertiary,,permit,,,,,,,,,
3842230444,5880622521,380928408,54.9,244,tertiary,,permit,,,,,,,,,
3842230446,3842230447,380928408,11.9,194,tertiary,,permit,,,,,,,,,
3842230447,3842230448,380928408,9.9,186,tertiary,,permit,,,,,,,,,
3842230448,3842230452,380928408,42.6,148,tertiary,,permit,,,,,,,,,
3842230452,3842230454,380928408,8.6,139,tertiary,,permit,,,,,,,,,
3842230454,5880623014,380928408,19.6,120,tertiary,,permit,,,,,,,,,
3842230455,3842230557,380928408,23.2,88,tertiary,,permit,,,,,,,,,
3842230455,5880623014,380928408,10.0,111,tertiary,,permit,,,,,,,,,
3842230557,3842230561,380928408,14.8,73,tertiary,,permit,,,,,,,,,
3842230561,3842230563,380928408,15.9,59,tertiary,,permit,,,,,,,,,
3842230563,3842230567,380928408,10.5,52,tertiary,,permit,,,,,,,,,
6894943729,3842228225,380928408,6.9,1498,tertiary,,permit,,,,,,,,,
3842228227,3842228228,380928408,51.0,1423,tertiary,,permit,,,,,,,,,
3842228230,3842228231,380928408,31.0,1345,tertiary,,permit,,,,,,,,,
3842228232,3842228233,380928408,22.4,1307,tertiary,,permit,,,,,,,,,
3842228232,5883092920,380928408,4.7,1326,tertiary,,permit,,,,,,,,,
3842228231,5883092920,380928408,14.4,1330,tertiary,,permit,,,,,,,,,
3842228233,3842228234,380928408,23.9,1284,tertiary,,permit,,,,,,,,,
3842228236,3842228237,380928408,52.7,1196,tertiary,,permit,,,,,,,,,
3842228237,3842228238,380928408,20.5,1179,tertiary,,permit,,,,,,,,,
3842228238,3842228239,380928408,43.8,1153,tertiary,,permit,,,,,,,,,
3842228239,3842228240,380928408,22.4,1141,tertiary,,permit,,,,,,,,,
3842228240,3842228241,380928408,11.1,1133,tertiary,,permit,,,,,,,,,
3842228241,3842228242,380928408,12.3,1121,tertiary,,permit,,,,,,,,,
3842228242,3842228243,380928408,52.0,1070,tertiary,,permit,,,,,,,,,
3842228243,3842228244,380928408,28.2,1044,tertiary,,permit,,,,,,,,,
3842228246,3842228247,380928408,20.1,993,tertiary,,permit,,,,,,,,,
3842228247,3842228248,380928408,61.9,944,tertiary,,permit,,,,,,,,,
3842228248,3842228249,380928408,12.8,936,tertiary,,permit,,,,,,,,,
3842228249,3842228250,380928408,20.1,927,tertiary,,permit,,,,,,,,,
3842230822,5880622072,622581764,11.4,991,residential,,,,,,,,,,,
5880622072,5880622076,622581764,78.6,999,residential,,,,,,,,,,,
5880622076,5880622077,622581764,19.8,1068,residential,,,,,,,,,,,
5880622077,5880622079,622581764,44.5,1084,residential,,,,,,,,,,,
5880622079,5880622082,622581764,80.2,1121,residential,,,,,,,,,,,
5880622082,5880622083,622581764,16.9,1182,residential,,,,,,,,,,,
5880622083,5880622084,622581764,12.6,1193,residential,,,,,,,,,,,
5880622084,5880622186,622581764,12.7,1199,residential,,,,,,,,,,,
5880622186,5880622188,622581764,13.7,1194,residential,,,,,,,,,,,
5880622188,5880622190,622581764,17.3,1178,residential,,,,,,,,,,,
5880622190,5880622192,622581764,52.0,1127,residential,,,,,,,,,,,
5880622192,5880622193,622581764,19.6,1110,residential,,,,,,,,,,,
5880622194,5880622193,622581764,29.1,1087,residential,,,,,,,,,,,
5880622194,5880622196,622581764,34.8,1057,residential,,,,,,,,,,,
5880622196,5880622197,622581764,25.7,1036,residential,,,,,,,,,,,
5880622197,11306555429,622581764,20.6,1017,residential,,,,,,,,,,,
5880622200,11306555429,622581764,105.3,922,residential,,,,,,,,,,,
5880622200,5880622204,622581764,51.5,873,residential,,,,,,,,,,,
5880622204,5880622205,622581764,23.0,850,residential,,,,,,,,,,,
5880622205,5880622207,622581764,15.3,835,residential,,,,,,,,,,,
5880622207,5880622209,622581764,16.9,823,residential,,,,,,,,,,,
5880622209,5880622211,622581764,15.1,810,residential,,,,,,,,,,,
5880622211,5880622212,622581764,4.3,805,residential,,,,,,,,,,,
5880622212,5880622213,622581764,8.1,799,residential,,,,,,,,,,,
5880622214,5880622213,622581764,25.0,775,residential,,,,,,,,,,,
5880622214,5880622217,622581764,46.6,729,residential,,,,,,,,,,,
5880622217,5880622218,622581764,5.6,724,residential,,,,,,,,,,,
5880622218,5880622220,622581764,32.9,716,residential,,,,,,,,,,,
5880622220,5880622221,622581764,6.5,711,residential,,,,,,,,,,,
5880622221,5880622222,622581764,44.3,667,residential,,,,,,,,,,,
5880622222,5880622224,622581764,44.3,623,residential,,,,,,,,,,,
5880622225,5880622224,622581764,14.7,609,residential,,,,,,,,,,,
5880622225,5880622227,622581764,89.2,545,residential,,,,,,,,,,,
5880622227,5880622228,622581764,10.8,535,residential,,,,,,,,,,,
5880622228,5880622229,622581764,27.1,515,residential,,,,,,,,,,,
5880622229,5880622230,622581764,20.6,496,residential,,,,,,,,,,,
5880622230,5880622231,622581764,18.4,483,residential,,,,,,,,,,,
5880622231,5880622233,622581764,37.6,453,residential,,,,,,,,,,,
5880622234,5880622235,622581765,59.7,353,residential,,,,,,,,,,,
5880622235,5880622236,622581765,12.5,379,residential,,,,,,,,,,,
5880622236,5880622237,622581765,6.5,375,residential,,,,,,,,,,,
5880622237,5880622238,622581765,49.1,332,residential,,,,,,,,,,,
5880622238,5880622239,622581765,16.3,325,residential,,,,,,,,,,,
5880622239,5880622241,622581765,32.4,325,residential,,,,,,,,,,,
12093678604,5880622252,622581766,16.4,690,residential,,,,,,,,,,,
12093678604,12093678605,622581766,30.3,698,residential,,,,,,,,,,,
12093678605,12093678603,622581766,16.2,723,residential,,,,,,,,,,,
12093678603,5880622255,622581766,21.5,720,residential,,,,,,,,,,,
5880622242,5880622243,622581766,49.1,498,residential,,,,,,,,,,,
5880622243,5880622244,622581766,31.4,511,residential,,,,,,,,,,,
5880622244,5880622245,622581766,26.6,516,residential,,,,,,,,,,,
5880622245,5880622246,622581766,36.1,524,residential,,,,,,,,,,,
5880622246,5880622248,622581766,85.3,543,residential,,,,,,,,,,,
5880622248,5880622249,622581766,18.9,612,residential,,,,,,,,,,,
5880622249,5880622250,622581766,37.8,627,residential,,,,,,,,,,,
5880622250,5880622251,622581766,32.5,659,residential,,,,,,,,,,,
5880622251,5880622252,622581766,15.1,684,residential,,,,,,,,,,,
5880622255,5880622256,622581766,52.4,720,residential,,,,,,,,,,,
5888353132,5880623026,622581767,18.5,1334,service,,,,,,,,,,,
5880622259,5880622260,622581767,6.0,1448,service,,,,,,,,,,,
5880622260,5880623017,622581767,43.8,1418,service,,,,,,,,,,,
5880623017,5880623018,622581767,61.4,1390,service,,,,,,,,,,,
5880623018,5880623019,622581767,9.3,1390,service,,,,,,,,,,,
5880623019,5880623020,622581767,32.5,1390,service,,,,,,,,,,,
5880623020,5880623021,622581767,10.8,1395,service,,,,,,,,,,,
5880623021,5880623022,622581767,4.7,1391,service,,,,,,,,,,,
5880623022,5880623023,622581767,44.4,1364,service,,,,,,,,,,,
5880623023,5880623024,622581767,31.3,1352,service,,,,,,,,,,,
5880623024,5880623026,622581767,53.8,1336,service,,,,,,,,,,,
3842230766,5880622261,622581768,50.5,1240,residential,,,unpaved,,,,,,,,
5880622261,5880622262,622581768,4.2,1281,residential,,,unpaved,,,,,,,,
5880622262,5880622265,622581768,64.7,1284,residential,,,unpaved,,,,,,,,
5880622265,5880622266,622581768,28.2,1349,residential,,,unpaved,,,,,,,,
5880622266,5880622268,622581768,56.7,1376,residential,,,unpaved,,,,,,,,
5880622268,5880622269,622581768,17.4,1430,residential,,,unpaved,,,,,,,,
5880622269,5880622270,622581768,9.3,1447,residential,,,unpaved,,,,,,,,
5880622270,5880622271,622581768,12.2,1456,residential,,,unpaved,,,,,,,,
5880622271,5880622272,622581768,23.8,1466,residential,,,unpaved,,,,,,,,
5880622272,5880622273,622581768,12.6,1481,residential,,,unpaved,,,,,,,,
5880622273,5880622274,622581768,13.3,1487,residential,,,unpaved,,,,,,,,
5880622274,5880622276,622581768,29.9,1482,residential,,,unpaved,,,,,,,,
5880622276,11306555449,622581768,7.5,1482,residential,,,unpaved,,,,,,,,
5880622277,11306555449,622581768,6.0,1486,residential,,,unpaved,,,,,,,,
5880622277,5880622279,622581768,10.2,1488,residential,,,unpaved,,,,,,,,
5880622279,5880622280,622581768,14.2,1498,residential,,,unpaved,,,,,,,,
12083694192,5880622489,622581769,26.4,871,track,,,unpaved,,,,,,,,
12083694192,5880622493,622581769,54.0,853,track,,,unpaved,,,,,,,,
12084824930,5880622377,622581769,4.6,995,track,,,unpaved,,,,,,,,
12084824930,5880622379,622581769,27.5,967,track,,,unpaved,,,,,,,,
11330464621,5880622506,622581769,7.8,649,track,,,unpaved,,,,,,,,1221680289:stream:chooralmala thodu
11330464621,5880622508,622581769,46.6,606,track,,,unpaved,,,,,,,,1221680289:stream:chooralmala thodu
12084824942,5880622371,622581769,15.9,1130,track,,,unpaved,,,,,,,,
12084824942,5880622372,622581769,14.1,1123,track,,,unpaved,,,,,,,,
5880622344,5880622345,622581769,31.7,1485,track,,,unpaved,,,,,,,,
5880622345,5880622346,622581769,13.2,1473,track,,,unpaved,,,,,,,,
5880622346,11306563338,622581769,13.4,1460,track,,,unpaved,,,,,,,,
5880622347,11306563338,622581769,15.3,1445,track,,,unpaved,,,,,,,,
5880622347,5880622348,622581769,12.6,1432,track,,,unpaved,,,,,,,,
5880622348,11306563347,622581769,13.0,1419,track,,,unpaved,,,,,,,,
5880622349,11306563347,622581769,9.4,1410,track,,,unpaved,,,,,,,,
5880622349,5880622350,622581769,14.5,1396,track,,,unpaved,,,,,,,,
5880622350,5880622351,622581769,14.5,1384,track,,,unpaved,,,,,,,,
5880622351,5880622352,622581769,13.3,1374,track,,,unpaved,,,,,,,,
5880622352,5880622353,622581769,34.1,1342,track,,,unpaved,,,,,,,,
5880622353,5880622354,622581769,36.1,1306,track,,,unpaved,,,,,,,,
5880622354,5880622355,622581769,36.3,1270,track,,,unpaved,,,,,,,,
5880622355,5880622356,622581769,30.1,1240,track,,,unpaved,,,,,,,,
5880622356,5880622357,622581769,10.5,1231,track,,,unpaved,,,,,,,,
5880622357,5880622358,622581769,9.2,1227,track,,,unpaved,,,,,,,,
5880622358,5880622359,622581769,18.6,1226,track,,,unpaved,,,,,,,,
5880622359,5880622360,622581769,34.7,1219,track,,,unpaved,,,,,,,,
5880622360,5880622361,622581769,13.7,1219,track,,,unpaved,,,,,,,,
5880622361,5880622362,622581769,11.2,1225,track,,,unpaved,,,,,,,,
5880622362,5880622364,622581769,22.1,1219,track,,,unpaved,,,,,,,,
5880622364,5880622366,622581769,15.0,1208,track,,,unpaved,,,,,,,,
5880622366,5880622367,622581769,35.8,1176,track,,,unpaved,,,,,,,,
5880622367,5880622369,622581769,24.5,1152,track,,,unpaved,,,,,,,,
5880622369,5880622370,622581769,9.1,1146,track,,,unpaved,,,,,,,,
5880622370,5880622371,622581769,23.4,1138,track,,,unpaved,,,,,,,,
5880622372,5880622373,622581769,70.8,1073,track,,,unpaved,,,,,,,,
5880622373,5880622374,622581769,8.7,1065,track,,,unpaved,,,,,,,,
5880622374,5880622375,622581769,21.3,1044,track,,,unpaved,,,,,,,,
5880622375,5880622377,622581769,44.8,999,track,,,unpaved,,,,,,,,
5880622379,5880622380,622581769,9.5,961,track,,,unpaved,,,,,,,,
5880622380,5880622381,622581769,68.2,936,track,,,unpaved,,,,,,,,
5880622381,5880622382,622581769,7.8,932,track,,,unpaved,,,,,,,,
5880622382,5880622383,622581769,3.7,928,track,,,unpaved,,,,,,,,
5880622383,5880622384,622581769,7.1,923,track,,,unpaved,,,,,,,,
5880622384,5880622485,622581769,20.7,913,track,,,unpaved,,,,,,,,1221680289:stream:chooralmala thodu
5880622485,5880622487,622581769,11.0,902,track,,,unpaved,,,,,,,,1221680289:stream:chooralmala thodu
5880622487,5880622488,622581769,11.2,892,track,,,unpaved,,,,,,,,
5880622488,5880622489,622581769,15.6,881,track,,,unpaved,,,,,,,,
5880622493,5880622494,622581769,17.6,840,track,,,unpaved,,,,,,,,
5880622494,5880622495,622581769,41.3,819,track,,,unpaved,,,,,,,,
5880622495,5880622498,622581769,69.8,764,track,,,unpaved,,,,,,,,
5880622498,5880622499,622581769,15.8,749,track,,,unpaved,,,,,,,,
5880622499,5880622500,622581769,8.4,741,track,,,unpaved,,,,,,,,
5880622500,5880622502,622581769,26.8,726,track,,,unpaved,,,,,,,,
5880622502,5880622505,622581769,43.1,684,track,,,unpaved,,,,,,,,
5880622505,5880622506,622581769,32.3,656,track,,,unpaved,,,,,,,,
5880622508,5880622509,622581769,77.1,579,track,,,unpaved,,,,,,,,1221680289:stream:chooralmala thodu
5880622510,5880622511,622581770,18.3,432,service,,,,,,,,,,,
5880622511,5880622512,622581770,22.0,420,service,,,,,,,,,,,
5880622512,5880622513,622581770,23.3,416,service,,,,,,,,,,,
5880622513,5880622514,622581770,9.0,412,service,,,,,,,,,,,
5880622514,5880622515,622581770,12.4,401,service,,,,,,,,,,,
5880622515,5880622516,622581770,12.8,388,service,,,,,,,,,,,
5880622516,5880622517,622581770,25.3,367,service,,,,,,,,,,,
5880622517,5880622518,622581770,19.4,348,service,,,,,,,,,,,
5880622518,5880622519,622581770,25.2,323,service,,,,,,,,,,,
5880622519,5880622520,622581770,24.2,299,service,,,,,,,,,,,
5880622520,5880622521,622581770,13.8,285,service,,,,,,,,,,,
3842230863,5880622523,622581771,29.0,591,residential,,,,,,,,,,,
5880622523,5943966482,622581771,16.3,584,residential,,,,,,,,,,,
5880682101,5943966482,622581771,31.7,584,residential,,,,,,,,,,,
5880622524,12090333630,622581772,7.7,1499,track,,,unpaved,,,,,,,,
5880622524,5880622525,622581772,9.7,1499,track,,,unpaved,,,,,,,,
12090333629,12090333630,622581772,11.7,1499,track,,,unpaved,,,,,,,,
5880622543,5880622544,622581773,20.4,1475,track,,,unpaved,,,,,,,,
5880622544,5880622545,622581773,22.3,1489,track,,,unpaved,,,,,,,,
5880622259,5880622606,622581778,7.4,1452,residential,,,,,,,,,,,
5880622606,5880622607,622581778,23.4,1452,residential,,,,,,,,,,,
5880622607,5880622609,622581778,21.7,1457,residential,,,,,,,,,,,
5880622609,12087768704,622581778,5.3,1466,residential,,,,,,,,,,,
12087768698,12087768699,622581778,8.0,1469,residential,,,,,,,,,,,
12087768699,12087768700,622581778,7.4,1468,residential,,,,,,,,,,,
12087768700,12087768701,622581778,4.6,1467,residential,,,,,,,,,,,
12087768701,12087768702,622581778,10.6,1467,residential,,,,,,,,,,,
12087768702,12087768703,622581778,6.5,1471,residential,,,,,,,,,,,
12087768703,12087768704,622581778,7.4,1471,residential,,,,,,,,,,,
3842230849,3842230858,622581782,48.7,523,residential,,,,,,,,,,,
3842230849,5880622242,622581782,47.1,498,residential,,,,,,,,,,,
3842230858,3842230860,622581782,23.9,559,residential,,,,,,,,,,,
3842230860,3842230863,622581782,58.7,574,residential,,,,,,,,,,,
3842230863,5880622624,622581782,38.7,611,residential,,,,,,,,,,,
5880622623,5880622624,622581782,30.3,645,residential,,,,,,,,,,,
5880622625,5880622627,622581785,76.9,206,residential,,,,,,,,,,,
5880622627,5880622629,622581785,24.1,258,residential,,,,,,,,,,,
5880622629,5880622631,622581785,15.4,274,residential,,,,,,,,,,,
5880622631,5880622634,622581785,24.3,261,residential,,,,,,,,,,,
5880622634,5880622635,622581785,40.8,251,residential,,,,,,,,,,,
5880622543,5880622668,622581788,37.2,1475,track,,,unpaved,,,,,,,,
5880622543,5880622669,622581788,49.5,1426,track,,,unpaved,,,,,,,,
5880622669,5880622671,622581788,34.6,1392,track,,,unpaved,,,,,,,,
5880622671,5880622673,622581788,37.3,1355,track,,,unpaved,,,,,,,,
5880622673,5880622674,622581788,11.8,1343,track,,,unpaved,,,,,,,,
5880622674,5880622675,622581788,17.2,1330,track,,,unpaved,,,,,,,,
5880622675,5880622676,622581788,10.9,1328,track,,,unpaved,,,,,,,,
5880622676,5880622678,622581788,29.5,1328,track,,,unpaved,,,,,,,,
5880622678,5880622679,622581788,18.1,1331,track,,,unpaved,,,,,,,,
5880622679,5880622680,622581788,17.1,1331,track,,,unpaved,,,,,,,,
5880622680,5880622681,622581788,13.3,1334,track,,,unpaved,,,,,,,,
5880622681,5880622682,622581788,11.5,1341,track,,,unpaved,,,,,,,,
5880622682,5880622683,622581788,7.1,1351,track,,,unpaved,,,,,,,,
5880622683,5880622684,622581788,4.0,1358,track,,,unpaved,,,,,,,,
5880622684,5880622785,622581788,2.5,1362,track,,,unpaved,,,,,,,,
5880622785,5880622787,622581788,22.5,1340,track,,,unpaved,,,,,,,,
5880622787,5880622789,622581788,16.2,1324,track,,,unpaved,,,,,,,,
5880622789,5880622791,622581788,33.6,1294,track,,,unpaved,,,,,,,,
5880622791,5880622792,622581788,30.6,1265,track,,,unpaved,,,,,,,,
3842230827,5880622864,622581791,37.9,1066,residential,,,unpaved,,,,,,,,
5880622864,5880622865,622581791,4.9,1103,residential,,,unpaved,,,,,,,,
5880622865,5880622866,622581791,15.5,1108,residential,,,unpaved,,,,,,,,
5880622866,5880622868,622581791,38.6,1123,residential,,,unpaved,,,,,,,,
5880622868,5880622870,622581791,53.8,1162,residential,,,unpaved,,,,,,,,
5880622870,5880622871,622581791,21.3,1213,residential,,,unpaved,,,,,,,,
5880622871,5880622873,622581791,57.0,1233,residential,,,unpaved,,,,,,,,
5880622873,5880622874,622581791,30.9,1282,residential,,,unpaved,,,,,,,,
5880622874,5880622876,622581791,40.0,1306,residential,,,unpaved,,,,,,,,
5880622876,5880622877,622581791,31.2,1338,residential,,,unpaved,,,,,,,,
5880622866,5880622878,622581792,15.6,1123,residential,,,,,,,,,,,
5880622878,5880622880,622581792,27.8,1137,residential,,,,,,,,,,,
5880622880,5880622881,622581792,17.4,1164,residential,,,,,,,,,,,
5880622881,5880622882,622581792,21.1,1181,residential,,,,,,,,,,,
5880622882,5880622884,622581792,62.8,1202,residential,,,,,,,,,,,
5880622884,5880622985,622581792,28.5,1261,residential,,,,,,,,,,,
5880622986,3842230977,622581793,10.6,929,residential,,,,,,,,,,,
5880622986,5880622987,622581793,12.4,937,residential,,,,,,,,,,,
5880622987,5880622988,622581793,54.6,949,residential,,,,,,,,,,,
5880622988,5880622989,622581793,13.2,1002,residential,,,,,,,,,,,
5880622989,5880622990,622581793,14.1,1015,residential,,,,,,,,,,,
5880622990,5880622992,622581793,22.8,1029,residential,,,,,,,,,,,
5880622992,5880622993,622581793,16.1,1049,residential,,,,,,,,,,,
5880622993,5880622994,622581793,13.1,1058,residential,,,,,,,,,,,
5880622994,5880622996,622581793,41.5,1060,residential,,,,,,,,,,,
5880622996,5880622998,622581793,34.4,1060,residential,,,,,,,,,,,
5880622998,5880623000,622581793,38.6,1058,residential,,,,,,,,,,,
5880623000,5880623001,622581793,10.4,1058,residential,,,,,,,,,,,
5880623001,5880623003,622581793,59.1,1058,residential,,,,,,,,,,,
5880623003,5880623004,622581793,20.9,1081,residential,,,,,,,,,,,
5880623004,5880623008,622581793,81.5,1087,residential,,,,,,,,,,,
5880623008,5880623010,622581793,23.3,1101,residential,,,,,,,,,,,
5880623224,5880623223,622581795,7.1,1488,track,,,unpaved,,,,,,,,
5880623224,5880623227,622581795,53.2,1483,track,,,unpaved,,,,,,,,
5880622636,5880623238,622581795,64.4,1445,track,,,unpaved,,,,,,,,
5880623222,5880623223,622581795,7.1,1494,track,,,unpaved,,,,,,,,
5880623229,5880623228,622581795,17.0,1484,track,,,unpaved,,,,,,,,
5880623229,5880623231,622581795,24.0,1491,track,,,unpaved,,,,,,,,
5880623231,5880623232,622581795,16.4,1481,track,,,unpaved,,,,,,,,
5880623232,5880623233,622581795,11.3,1471,track,,,unpaved,,,,,,,,
5880623233,5880623235,622581795,13.0,1458,track,,,unpaved,,,,,,,,
5880623227,5880623228,622581795,12.3,1483,track,,,unpaved,,,,,,,,
5880623235,5880623237,622581795,30.1,1446,track,,,unpaved,,,,,,,,
5880623237,5880623238,622581795,24.0,1445,track,,,unpaved,,,,,,,,
5880623016,5880623256,622581797,32.0,157,residential,,,,,,,,,,,
5880623255,5880623256,622581797,20.6,157,residential,,,,,,,,,,,
5880623277,5880623279,622581798,46.1,1498,track,,,unpaved,,,,,,,,
5880622352,5880623607,622581798,47.2,1374,track,,,unpaved,,,,,,,,
5880622352,5880623609,622581798,19.3,1372,track,,,unpaved,,,,,,,,
5880623279,5880623280,622581798,10.8,1493,track,,,unpaved,,,,,,,,
5880623280,5880623282,622581798,42.3,1458,track,,,unpaved,,,,,,,,
5880623282,5880623284,622581798,38.2,1422,track,,,unpaved,,,,,,,,
5880623284,5880623585,622581798,31.6,1400,track,,,unpaved,,,,,,,,
12084334783,5880623598,622581798,6.2,1385,track,,,unpaved,,,,,,,,
12084334783,5880623600,622581798,8.7,1387,track,,,unpaved,,,,,,,,
5880623585,5880623586,622581798,15.4,1393,track,,,unpaved,,,,,,,,
5880623586,5880623587,622581798,46.8,1383,track,,,unpaved,,,,,,,,
5880623587,5880623588,622581798,12.3,1378,track,,,unpaved,,,,,,,,
5880623588,5880623590,622581798,28.0,1355,track,,,unpaved,,,,,,,,
5880623590,5880623592,622581798,25.7,1341,track,,,unpaved,,,,,,,,
5880623592,5880623593,622581798,14.6,1339,track,,,unpaved,,,,,,,,
5880623593,5880623595,622581798,27.3,1339,track,,,unpaved,,,,,,,,
5880623595,5880623597,622581798,42.7,1344,track,,,unpaved,,,,,,,,
5880623597,5880623598,622581798,22.8,1368,track,,,unpaved,,,,,,,,
5880623600,5880623602,622581798,35.2,1379,track,,,unpaved,,,,,,,,
5880623602,5880623603,622581798,7.8,1379,track,,,unpaved,,,,,,,,
5880623603,5880623604,622581798,26.7,1380,track,,,unpaved,,,,,,,,
5880623604,5880623605,622581798,29.8,1390,track,,,unpaved,,,,,,,,
5880623605,5880623606,622581798,41.5,1391,track,,,unpaved,,,,,,,,
5880623606,5880623607,622581798,24.8,1382,track,,,unpaved,,,,,,,,
5880623609,5880623610,622581798,7.0,1368,track,,,unpaved,,,,,,,,
5880623610,5880623612,622581798,63.9,1323,track,,,unpaved,,,,,,,,
5880623612,5880623613,622581798,11.9,1312,track,,,unpaved,,,,,,,,
5880623613,5880623614,622581798,23.4,1288,track,,,unpaved,,,,,,,,
5880623614,5880623615,622581798,23.0,1268,track,,,unpaved,,,,,,,,
5880623615,5880623616,622581798,26.9,1241,track,,,unpaved,,,,,,,,
5880623616,5880623617,622581798,14.7,1227,track,,,unpaved,,,,,,,,
5880623617,5880623618,622581798,27.4,1207,track,,,unpaved,,,,,,,,
5880623618,5880623621,622581798,33.0,1194,track,,,unpaved,,,,,,,,
5880623621,5880623622,622581798,36.8,1165,track,,,unpaved,,,,,,,,
5880623622,5880623624,622581798,28.4,1141,track,,,unpaved,,,,,,,,
5880623624,5880623627,622581798,30.2,1130,track,,,unpaved,,,,,,,,
5880623627,5880623628,622581798,18.9,1112,track,,,unpaved,,,,,,,,
5880623628,5880623629,622581798,17.6,1100,track,,,unpaved,,,,,,,,
5880623629,5880623631,622581798,31.3,1074,track,,,unpaved,,,,,,,,
5880623631,5880623634,622581798,42.5,1058,track,,,unpaved,,,,,,,,
5880623634,5880623635,622581798,7.5,1051,track,,,unpaved,,,,,,,,
5880623635,5880623637,622581798,26.6,1025,track,,,unpaved,,,,,,,,
5880623637,5880623639,622581798,20.7,1010,track,,,unpaved,,,,,,,,
5880623639,5880623640,622581798,7.7,1003,track,,,unpaved,,,,,,,,
5880623640,5880623641,622581798,21.1,982,track,,,unpaved,,,,,,,,
5880623641,5880623642,622581798,57.3,926,track,,,unpaved,,,,,,,,
5880623642,5880623643,622581798,61.4,867,track,,,unpaved,,,,,,,,
5880623643,5880623644,622581798,21.1,846,track,,,unpaved,,,,,,,,
5880623644,11306563312,622581798,13.0,833,track,,,unpaved,,,,,,,,
5880623646,11306563312,622581798,12.5,822,track,,,unpaved,,,,,,,,
5880623646,5880623648,622581798,10.8,812,track,,,unpaved,,,,,,,,
5880623648,5880623650,622581798,47.7,791,track,,,unpaved,,,,,,,,
5880623650,5880623652,622581798,47.8,757,track,,,unpaved,,,,,,,,
5880623652,5880623653,622581798,14.4,743,track,,,unpaved,,,,,,,,
5880623653,5880623654,622581798,24.4,719,track,,,unpaved,,,,,,,,
5880623654,5880623655,622581798,34.9,686,track,,,unpaved,,,,,,,,
5880623655,5880623656,622581798,30.3,656,track,,,unpaved,,,,,,,,
5880623656,5880623657,622581798,19.8,638,track,,,unpaved,,,,,,,,
5880623657,5880623658,622581798,42.3,602,track,,,unpaved,,,,,,,,
5880623658,5880623660,622581798,28.8,583,track,,,unpaved,,,,,,,,
5880623660,5880623664,622581798,53.9,565,track,,,unpaved,,,,,,,,
5880623664,5880623666,622581798,23.2,564,track,,,unpaved,,,,,,,,
5880623666,5880623668,622581798,14.1,564,track,,,unpaved,,,,,,,,
5880623668,5880623669,622581798,4.8,566,track,,,unpaved,,,,,,,,
5880623669,5880623670,622581798,9.0,557,track,,,unpaved,,,,,,,,
5880623670,5880623672,622581798,24.6,535,track,,,unpaved,,,,,,,,
5880623672,5880623674,622581798,43.7,491,track,,,unpaved,,,,,,,,
5880623925,5880623924,622581799,12.8,1442,residential,,,,,,,,,,,
5880623925,5880623926,622581799,14.9,1431,residential,,,,,,,,,,,
5880623931,5880623929,622581799,14.0,1422,residential,,,,,,,,,,,
5880623931,5880623933,622581799,48.3,1435,residential,,,,,,,,,,,
3842230763,5880622792,622581799,28.3,1241,residential,,,,,,,,,,,
5880622792,5880623911,622581799,20.7,1265,residential,,,,,,,,,,,
5880623911,5880623912,622581799,19.4,1283,residential,,,,,,,,,,,
5880623912,5880623913,622581799,15.2,1302,residential,,,,,,,,,,,
5880623913,5880623914,622581799,21.1,1317,residential,,,,,,,,,,,
5880623914,5880623917,622581799,51.0,1338,residential,,,,,,,,,,,
5880623936,5880623935,622581799,14.0,1498,residential,,,,,,,,,,,
5880623917,5880623918,622581799,12.9,1387,residential,,,,,,,,,,,
5880623918,5880623919,622581799,14.2,1400,residential,,,,,,,,,,,
5880623919,5880623920,622581799,17.8,1414,residential,,,,,,,,,,,
5880623920,5880623921,622581799,18.6,1428,residential,,,,,,,,,,,
5880623921,5880623922,622581799,18.6,1439,residential,,,,,,,,,,,
5880623922,5880623923,622581799,21.8,1447,residential,,,,,,,,,,,
5880623923,5880623924,622581799,9.0,1449,residential,,,,,,,,,,,
5880623926,5880623927,622581799,18.2,1420,residential,,,,,,,,,,,
5880623927,5880623928,622581799,12.0,1418,residential,,,,,,,,,,,
5880623928,5880623929,622581799,10.3,1418,residential,,,,,,,,,,,
5880623933,5880623935,622581799,17.0,1483,residential,,,,,,,,,,,
11306537780,5880624298,622581802,17.8,1009,residential,,,unpaved,,,,,,,,
11306537780,5880624301,622581802,7.8,1026,residential,,,unpaved,,,,,,,,
5880622864,5880623982,622581802,10.3,1103,residential,,,unpaved,,,,,,,,
11306537781,5880624348,622581802,16.5,1103,residential,,,unpaved,,,,,,,,
11306537781,5880624351,622581802,41.6,1108,residential,,,unpaved,,,,,,,,
5880623982,5880624285,622581802,12.2,1101,residential,,,unpaved,,,,,,,,
5880624285,5880624286,622581802,45.5,1068,residential,,,unpaved,,,,,,,,
5880624286,5880624287,622581802,31.9,1051,residential,,,unpaved,,,,,,,,
5880624287,5880624288,622581802,29.7,1038,residential,,,unpaved,,,,,,,,
5880624288,5880624290,622581802,48.8,1015,residential,,,unpaved,,,,,,,,
5880624290,5880624292,622581802,41.6,1006,residential,,,unpaved,,,,,,,,
5880624292,5880624294,622581802,27.4,996,residential,,,unpaved,,,,,,,,
5880624294,5880624296,622581802,15.1,996,residential,,,unpaved,,,,,,,,
5880624296,5880624298,622581802,11.0,1000,residential,,,unpaved,,,,,,,,
5880624301,5880624306,622581802,63.8,1034,residential,,,unpaved,,,,,,,,
5880624306,5880624307,622581802,5.9,1070,residential,,,unpaved,,,,,,,,
5880624307,5880624308,622581802,10.6,1062,residential,,,unpaved,,,,,,,,
5880624308,5880624309,622581802,19.6,1043,residential,,,unpaved,,,,,,,,
5880624309,5880624310,622581802,10.8,1034,residential,,,unpaved,,,,,,,,
5880624310,5880624311,622581802,14.8,1026,residential,,,unpaved,,,,,,,,
5880624311,5880624313,622581802,39.3,1018,residential,,,unpaved,,,,,,,,
5880624313,5880624315,622581802,15.1,1018,residential,,,unpaved,,,,,,,,
5880624315,5880624317,622581802,21.7,1023,residential,,,unpaved,,,,,,,,
5880624317,5880624320,622581802,52.3,1041,residential,,,unpaved,,,,,,,,
5880624320,5880624321,622581802,8.5,1082,residential,,,unpaved,,,,,,,,
5880624321,5880624322,622581802,15.4,1091,residential,,,unpaved,,,,,,,,
5880624322,5880624324,622581802,16.0,1103,residential,,,unpaved,,,,,,,,
5880624324,5880624325,622581802,4.5,1118,residential,,,unpaved,,,,,,,,
5880624325,5880624326,622581802,10.8,1122,residential,,,unpaved,,,,,,,,
5880624326,5880624328,622581802,7.2,1131,residential,,,unpaved,,,,,,,,
5880624328,5880624329,622581802,5.8,1137,residential,,,unpaved,,,,,,,,
5880624329,5880624330,622581802,7.9,1131,residential,,,unpaved,,,,,,,,
5880624330,5880624331,622581802,14.3,1117,residential,,,unpaved,,,,,,,,
5880624331,5880624332,622581802,11.5,1106,residential,,,unpaved,,,,,,,,
5880624332,5880624333,622581802,7.4,1099,residential,,,unpaved,,,,,,,,
5880624333,5880624334,622581802,8.3,1094,residential,,,unpaved,,,,,,,,
5880624334,5880624335,622581802,12.4,1093,residential,,,unpaved,,,,,,,,
5880624335,5880624336,622581802,35.6,1093,residential,,,unpaved,,,,,,,,
5880624336,5880624338,622581802,14.9,1099,residential,,,unpaved,,,,,,,,
5880624338,5880624339,622581802,23.7,1106,residential,,,unpaved,,,,,,,,
5880624339,5880624341,622581802,19.2,1124,residential,,,unpaved,,,,,,,,
5880624341,5880624342,622581802,12.7,1134,residential,,,unpaved,,,,,,,,
5880624342,5880624343,622581802,10.3,1135,residential,,,unpaved,,,,,,,,
5880624343,5880624344,622581802,6.8,1134,residential,,,unpaved,,,,,,,,
5880624344,5880624348,622581802,62.6,1103,residential,,,unpaved,,,,,,,,
5880624351,5880624352,622581802,30.5,1121,residential,,,unpaved,,,,,,,,
3842230646,5880622233,622581803,13.8,453,residential,,,,,,,,,,,
5880622233,5880624368,622581803,67.0,425,residential,,,,,,,,,,,
5880622509,5880624353,622581803,10.6,572,residential,,,,,,,,,,,
5880624353,5880624355,622581803,27.4,551,residential,,,,,,,,,,,
5880624355,11306555402,622581803,20.7,543,residential,,,,,,,,,,,
5880624357,11306555402,622581803,24.9,535,residential,,,,,,,,,,,
5880624357,5880624359,622581803,45.8,516,residential,,,,,,,,,,,
5880624359,5880624361,622581803,18.5,506,residential,,,,,,,,,,,
5880624361,5880624362,622581803,11.3,499,residential,,,,,,,,,,,
5880624362,5880624363,622581803,11.7,489,residential,,,,,,,,,,,
5880624363,5880624365,622581803,65.2,434,residential,,,,,,,,,,,
5880624365,5880624367,622581803,12.9,426,residential,,,,,,,,,,,
5880624367,5880624368,622581803,7.8,425,residential,,,,,,,,,,,
5880623011,5880624370,622581804,20.1,436,residential,,,,,,,,,,,
5880624370,5880624372,622581804,11.3,438,residential,,,,,,,,,,,
5880624372,5880624378,622581804,45.2,446,residential,,,,,,,,,,,
5880624378,5880624381,622581804,49.1,475,residential,,,,,,,,,,,
5880624381,5880624384,622581804,62.5,486,residential,,,,,,,,,,,
5880624384,5880624585,622581804,18.9,498,residential,,,,,,,,,,,
5880624585,5880682100,622581804,24.5,513,residential,,,,,,,,,,,
5880682099,5880682100,622581804,32.6,534,residential,,,,,,,,,,,
5888353171,5880624594,622581805,67.6,1194,service,,,,,,,,,,,
5880622992,5880624586,622581805,15.0,1049,service,,,,,,,,,,,
5880624586,5880624589,622581805,46.1,1064,service,,,,,,,,,,,
5880624589,5880624590,622581805,15.2,1108,service,,,,,,,,,,,
5880624590,5880624592,622581805,37.9,1123,service,,,,,,,,,,,
5880624592,5880624594,622581805,38.2,1160,service,,,,,,,,,,,
5883093052,5883093189,622913206,29.8,572,residential,,,,,,,,,,,
5883093176,5883093177,622913206,11.3,388,residential,,,,,,,,,,,
5883093176,5880623240,622913206,58.5,332,residential,,,,,,,,,,,
5883093177,5883093179,622913206,20.5,388,residential,,,,,,,,,,,
5883093179,5883093181,622913206,29.3,388,residential,,,,,,,,,,,
5883093181,5883093183,622913206,57.6,391,residential,,,,,,,,,,,
5883093183,5883093184,622913206,13.5,421,residential,,,,,,,,,,,
5883093184,5883093186,622913206,46.1,432,residential,,,,,,,,,,,
5883093186,5883093187,622913206,42.4,476,residential,,,,,,,,,,,
5883093187,5883093189,622913206,53.6,518,residential,,,,,,,,,,,
5883092285,12095503565,622913206,5.4,464,residential,,,,,,,,,,,
5883092285,5883092286,622913206,10.0,469,residential,,,,,,,,,,,
5883092286,5883092287,622913206,12.5,479,residential,,,,,,,,,,,
5883092287,5883092288,622913206,11.1,491,residential,,,,,,,,,,,
5880623240,5880623244,622913206,46.4,286,residential,,,,,,,,,,,
5880623244,5880623246,622913206,31.7,262,residential,,,,,,,,,,,
12091986309,5883092299,622913206,13.8,820,residential,,,,,,,,,,,
12091986309,5883092300,622913206,17.7,832,residential,,,,,,,,,,,
5883091384,12095503560,622913206,11.6,404,residential,,,,,,,,,,,
5883091384,12095503561,622913206,22.0,414,residential,,,,,,,,,,,
11306531966,5883092296,622913206,6.9,743,residential,,,,,,,,,,,
11306531966,5883092298,622913206,38.6,750,residential,,,,,,,,,,,
12095503559,5880623254,622913206,77.5,323,residential,,,,,,,,,,,
12095503559,12095503560,622913206,10.1,395,residential,,,,,,,,,,,
12095503561,12095503562,622913206,13.2,433,residential,,,,,,,,,,,
12095503562,12095503563,622913206,6.6,446,residential,,,,,,,,,,,
12095503563,12095503564,622913206,6.2,452,residential,,,,,,,,,,,
12095503564,12095503565,622913206,5.5,458,residential,,,,,,,,,,,
12095503570,5883092289,622913206,7.3,507,residential,,,,,,,,,,,
12095503570,12095503571,622913206,15.3,512,residential,,,,,,,,,,,
12095503572,12095503571,622913206,11.6,522,residential,,,,,,,,,,,
12095503572,12095503573,622913206,8.9,530,residential,,,,,,,,,,,
12095503573,5883092290,622913206,13.6,539,residential,,,,,,,,,,,
5883092288,5883092289,622913206,7.1,501,residential,,,,,,,,,,,
5883092290,5883092291,622913206,36.0,551,residential,,,,,,,,,,,
5883092291,5883092292,622913206,19.1,587,residential,,,,,,,,,,,
5883092292,5883092293,622913206,20.3,606,residential,,,,,,,,,,,
5883092293,5883092295,622913206,103.7,626,residential,,,,,,,,,,,
5883092295,5883092296,622913206,22.5,721,residential,,,,,,,,,,,
5883092298,5883092299,622913206,31.7,789,residential,,,,,,,,,,,
5883092300,5883092301,622913206,45.1,847,residential,,,,,,,,,,,
5883092301,5883092302,622913206,28.9,884,residential,,,,,,,,,,,
5883092302,5883092303,622913206,17.2,912,residential,,,,,,,,,,,
5883092303,5883092304,622913206,24.9,929,residential,,,,,,,,,,,
5883092304,5883092305,622913206,18.0,951,residential,,,,,,,,,,,
5883092305,5883092306,622913206,18.8,969,residential,,,,,,,,,,,
5883092306,5883092307,622913206,24.5,986,residential,,,,,,,,,,,
5883092307,5883092308,622913206,16.0,1007,residential,,,,,,,,,,,
5883092308,5883092309,622913206,9.4,1019,residential,,,,,,,,,,,
5883092309,5883092310,622913206,51.7,1028,residential,,,,,,,,,,,
5883092310,5883092311,622913206,38.0,1079,residential,,,,,,,,,,,
5883092311,5883092313,622913206,23.5,1115,residential,,,,,,,,,,,
5883092313,5883092314,622913206,7.0,1138,residential,,,,,,,,,,,
5883092314,5883092315,622913206,11.8,1143,residential,,,,,,,,,,,
5883092315,5883092316,622913206,8.8,1147,residential,,,,,,,,,,,
5883092316,5883092317,622913206,30.7,1153,residential,,,,,,,,,,,
5883092317,5883092318,622913206,12.4,1179,residential,,,,,,,,,,,
5883092318,5883092319,622913206,17.6,1191,residential,,,,,,,,,,,
5883092319,5883092320,622913206,48.7,1207,residential,,,,,,,,,,,
5883092320,5883092321,622913206,15.7,1238,residential,,,,,,,,,,,
5883092321,5883092322,622913206,13.4,1251,residential,,,,,,,,,,,
5883092322,5883092325,622913206,57.2,1264,residential,,,,,,,,,,,
5883092325,5883092326,622913206,26.0,1321,residential,,,,,,,,,,,
5883092326,5883092328,622913206,25.3,1346,residential,,,,,,,,,,,
5883092328,5883092329,622913206,40.1,1368,residential,,,,,,,,,,,
5883092329,5883092331,622913206,90.5,1407,residential,,,,,,,,,,,
5883092331,5883092332,622913206,60.1,1497,residential,,,,,,,,,,,
5880623246,5880623247,622913206,17.7,253,residential,,,,,,,,,,,
5880623247,5880623249,622913206,22.1,251,residential,,,,,,,,,,,
5880623249,5880623250,622913206,9.4,251,residential,,,,,,,,,,,
5880623250,5880623251,622913206,11.6,254,residential,,,,,,,,,,,
5880623251,5880623253,622913206,56.2,262,residential,,,,,,,,,,,
5880623253,5880623254,622913206,20.2,305,residential,,,,,,,,,,,
5883092300,5883092333,622913207,39.0,838,residential,,,,,,,,,,,
5883092333,5883092334,622913207,63.2,832,residential,,,,,,,,,,,
5883092334,5883092335,622913207,24.6,824,residential,,,,,,,,,,,
5883092335,5883092336,622913207,26.2,815,residential,,,,,,,,,,,
5883092307,5883092337,622913208,14.9,1007,residential,,,,,,,,,,,
5883092337,5883092338,622913208,53.7,1017,residential,,,,,,,,,,,
5883092338,5883092339,622913208,73.9,1046,residential,,,,,,,,,,,
5883092339,5883092342,622913208,107.2,1119,residential,,,,,,,,,,,
5883092342,5883092343,622913208,32.0,1227,residential,,,,,,,,,,,
5883092343,5883092345,622913208,57.5,1233,residential,,,,,,,,,,,
5883092345,5883092346,622913208,27.9,1288,residential,,,,,,,,,,,
5883092346,5883092347,622913208,38.7,1316,residential,,,,,,,,,,,
5883092347,5883092348,622913208,27.0,1353,residential,,,,,,,,,,,
5883092348,5883092349,622913208,13.7,1380,residential,,,,,,,,,,,
5883092349,5883092350,622913208,21.7,1392,residential,,,,,,,,,,,
5883092350,5883092351,622913208,39.7,1410,residential,,,,,,,,,,,
8725857560,5883092436,622913214,7.2,953,residential,,,,,,,,,,,
8725857560,5883092437,622913214,11.4,955,residential,,,,,,,,,,,
3842230973,5883092421,622913214,39.0,947,residential,,,,,,,,,,,
5883092421,5883092422,622913214,51.8,898,residential,,,,,,,,,,,
5883092422,5883092424,622913214,74.4,836,residential,,,,,,,,,,,
5883092424,5883092425,622913214,43.4,825,residential,,,,,,,,,,,
5883092425,5883092426,622913214,63.4,825,residential,,,,,,,,,,,
5883092426,5883092427,622913214,42.9,849,residential,,,,,,,,,,,
5883092427,5883092428,622913214,23.5,885,residential,,,,,,,,,,,
5883092428,5883092429,622913214,27.0,908,residential,,,,,,,,,,,
5883092429,5883092430,622913214,27.3,925,residential,,,,,,,,,,,
5883092430,5883092432,622913214,51.6,919,residential,,,,,,,,,,,
5883092432,5883092433,622913214,49.5,912,residential,,,,,,,,,,,
5883092433,5883092434,622913214,65.4,912,residential,,,,,,,,,,,
5883092434,5883092436,622913214,30.1,937,residential,,,,,,,,,,,
5883092437,5883092438,622913214,19.9,959,residential,,,,,,,,,,,
5883092438,5883092439,622913214,24.3,969,residential,,,,,,,,,,,
5883092439,5883092440,622913214,46.2,978,residential,,,,,,,,,,,
7428737126,5883092567,622913215,31.2,1234,track,,,unpaved,,,,,,,,
5883091304,5883092562,622913215,32.6,1232,track,,,unpaved,,,,,,,,
5883091304,5883092564,622913215,30.1,1232,track,,,unpaved,,,,,,,,
5883092538,5883092539,622913215,44.8,1457,track,,,unpaved,,,,,,,,
5883092539,5883092541,622913215,22.2,1437,track,,,unpaved,,,,,,,,
5883092541,5883092543,622913215,41.7,1416,track,,,unpaved,,,,,,,,
5883092543,5883092544,622913215,23.0,1400,track,,,unpaved,,,,,,,,
5883092544,5883092545,622913215,18.2,1398,track,,,unpaved,,,,,,,,
5883092545,5883092546,622913215,9.9,1394,track,,,unpaved,,,,,,,,
5883092546,5883092548,622913215,26.4,1375,track,,,unpaved,,,,,,,,
5883092548,5883092549,622913215,25.0,1352,track,,,unpaved,,,,,,,,
5883092549,5883092550,622913215,11.4,1343,track,,,unpaved,,,,,,,,
5883092550,5883092552,622913215,66.6,1301,track,,,unpaved,,,,,,,,
5883092552,5883092553,622913215,11.3,1297,track,,,unpaved,,,,,,,,
5883092553,5883092554,622913215,18.6,1297,track,,,unpaved,,,,,,,,
5883092554,5883092555,622913215,5.9,1306,track,,,unpaved,,,,,,,,
5883092555,5883092556,622913215,13.2,1295,track,,,unpaved,,,,,,,,
5883092557,5883092556,622913215,15.8,1280,track,,,unpaved,,,,,,,,
5883092557,5883092558,622913215,23.5,1265,track,,,unpaved,,,,,,,,
5883092558,5883092560,622913215,22.2,1258,track,,,unpaved,,,,,,,,
5883092560,5883092561,622913215,30.7,1258,track,,,unpaved,,,,,,,,
5883092562,5883092561,622913215,33.4,1247,track,,,unpaved,,,,,,,,
5883092564,5883092565,622913215,21.6,1240,track,,,unpaved,,,,,,,,
5883092565,5883092566,622913215,5.9,1251,track,,,unpaved,,,,,,,,
5883092567,5883092566,622913215,9.5,1250,track,,,unpaved,,,,,,,,
5888353133,5888353134,622913221,23.7,1073,track,,,unpaved,,,,,,,,
5888353134,5888353135,622913221,17.4,1060,track,,,unpaved,,,,,,,,
5888353135,5888353136,622913221,11.8,1050,track,,,unpaved,,,,,,,,
5888353136,5888353137,622913221,15.8,1034,track,,,unpaved,,,,,,,,
5888353137,5888353138,622913221,22.3,1014,track,,,unpaved,,,,,,,,
5888353138,5888353140,622913221,20.0,998,track,,,unpaved,,,,,,,,
5888353140,5888353141,622913221,12.9,993,track,,,unpaved,,,,,,,,
5888353141,5888353142,622913221,12.9,993,track,,,unpaved,,,,,,,,
5888353142,5888353143,622913221,17.6,997,track,,,unpaved,,,,,,,,
5888353143,5888353144,622913221,24.1,994,track,,,unpaved,,,,,,,,
5888353144,5888353146,622913221,39.4,994,track,,,unpaved,,,,,,,,
5888353146,5888353147,622913221,34.5,998,track,,,unpaved,,,,,,,,
5888353147,5888353149,622913221,56.0,997,track,,,unpaved,,,,,,,,
5888353149,5888353150,622913221,20.2,997,track,,,unpaved,,,,,,,,
5888353150,5888353151,622913221,13.3,1003,track,,,unpaved,,,,,,,,
5888353151,5888353152,622913221,16.9,1013,track,,,unpaved,,,,,,,,
5888353152,5888353154,622913221,21.0,1029,track,,,unpaved,,,,,,,,
5888353154,5888353155,622913221,16.1,1050,track,,,unpaved,,,,,,,,
5888353155,5888353156,622913221,9.1,1066,track,,,unpaved,,,,,,,,
5888353156,5888353157,622913221,13.6,1073,track,,,unpaved,,,,,,,,
5888353157,5888353158,622913221,14.6,1069,track,,,unpaved,,,,,,,,
5888353158,5888353159,622913221,22.8,1055,track,,,unpaved,,,,,,,,
5888353159,5888353161,622913221,38.7,1037,track,,,unpaved,,,,,,,,
5888353161,5888353162,622913221,12.8,1035,track,,,unpaved,,,,,,,,
5888353162,5888353164,622913221,37.2,1035,track,,,unpaved,,,,,,,,
5888353164,5888353165,622913221,16.3,1033,track,,,unpaved,,,,,,,,
5888353165,5883092703,622913221,58.1,1024,track,,,unpaved,,,,,,,,
3842228246,5883092708,622913221,36.4,1010,track,,,unpaved,,,,,,,,
5883092703,5883092704,622913221,8.4,1020,track,,,unpaved,,,,,,,,
5883092704,5883092705,622913221,17.8,1006,track,,,unpaved,,,,,,,,
5883092705,5883092706,622913221,18.2,1000,track,,,unpaved,,,,,,,,
5883092706,5883092707,622913221,12.2,1000,track,,,unpaved,,,,,,,,
5883092707,5883092708,622913221,26.4,1001,track,,,unpaved,,,,,,,,
12094707821,5883092717,622913223,17.1,696,residential,,,,,,,,,,,
12094707821,5883092718,622913223,32.3,712,residential,,,,,,,,,,,
5883092293,5883092716,622913223,29.2,626,residential,,,,,,,,,,,
5883092716,5883092717,622913223,47.9,654,residential,,,,,,,,,,,
5883092718,5883092719,622913223,59.2,743,residential,,,,,,,,,,,
5883092719,5883092720,622913223,51.2,802,residential,,,,,,,,,,,
5883092720,5883092721,622913223,25.8,853,residential,,,,,,,,,,,
5883092721,5883092722,622913223,43.1,877,residential,,,,,,,,,,,
5883092722,5883092724,622913223,42.0,919,residential,,,,,,,,,,,
5883092724,5883092725,622913223,24.9,958,residential,,,,,,,,,,,
5883092725,5883092726,622913223,32.7,972,residential,,,,,,,,,,,
5883092726,5883092727,622913223,25.5,1000,residential,,,,,,,,,,,
5883092727,5883092728,622913223,26.5,1023,residential,,,,,,,,,,,
5883092728,5883092729,622913223,27.6,1049,residential,,,,,,,,,,,
5888353166,5888353168,622913225,22.4,777,residential,,,,,,,,,,,
5888353168,5888353170,622913225,49.7,777,residential,,,,,,,,,,,
5888353170,5883092749,622913225,17.2,785,residential,,,,,,,,,,,
5883092746,5883092747,622913225,30.1,835,residential,,,,,,,,,,,
5883092747,5883092749,622913225,77.9,792,residential,,,,,,,,,,,
3842230830,5883092755,622913227,46.9,826,residential,,,,,,,,,,,
11306531951,5883092759,622913227,61.6,772,residential,,,,,,,,,,,
11306531951,5883092760,622913227,4.9,775,residential,,,,,,,,,,,
5883092336,5883092765,622913227,32.8,791,residential,,,,,,,,,,,
5883092336,5883092766,622913227,56.1,815,residential,,,,,,,,,,,
5883092755,5883092756,622913227,40.1,791,residential,,,,,,,,,,,
5883092756,5883092757,622913227,26.6,775,residential,,,,,,,,,,,
5883092757,5883092759,622913227,105.9,772,residential,,,,,,,,,,,
5883092760,5883092761,622913227,42.9,775,residential,,,,,,,,,,,
5883092761,5883092762,622913227,47.0,772,residential,,,,,,,,,,,
5883092762,5883092763,622913227,53.8,761,residential,,,,,,,,,,,
5883092763,5883092765,622913227,109.4,761,residential,,,,,,,,,,,
5883092766,5883092767,622913227,41.3,870,residential,,,,,,,,,,,
5883092767,5883092768,622913227,37.2,910,residential,,,,,,,,,,,
5883092768,5883092769,622913227,38.7,947,residential,,,,,,,,,,,
5883092769,5883092770,622913227,58.0,973,residential,,,,,,,,,,,
5883092770,5883092771,622913227,12.5,1019,residential,,,,,,,,,,,
5883092771,5883092772,622913227,83.7,1026,residential,,,,,,,,,,,
3249489343,5883092773,622913228,44.3,1487,residential,,,,,,,,,,,
5883092787,5883092788,622913229,46.1,1479,residential,,,,,,,,,,,
11306506278,5883092802,622913230,29.2,1476,track,,,unpaved,,,,,,,,
11306506278,5883092803,622913230,43.5,1434,track,,,unpaved,,,,,,,,
5883092803,5883092804,622913230,33.6,1401,track,,,unpaved,,,,,,,,
5883092804,5883092805,622913230,19.9,1384,track,,,unpaved,,,,,,,,
5883092805,5883092806,622913230,52.9,1332,track,,,unpaved,,,,,,,,
5880622636,5880622638,622913245,67.5,1455,residential,,,,,,,,,,,
5880622638,5880622639,622913245,51.2,1470,residential,,,,,,,,,,,
5880622639,5880622640,622913245,14.7,1478,residential,,,,,,,,,,,
5880622640,5880622641,622913245,15.0,1477,residential,,,,,,,,,,,
5880622641,5880622642,622913245,18.2,1471,residential,,,,,,,,,,,
5880622642,5880622644,622913245,32.5,1455,residential,,,,,,,,,,,
5880622644,5880622645,622913245,11.0,1452,residential,,,,,,,,,,,
5880622645,5880622646,622913245,8.8,1452,residential,,,,,,,,,,,
5880622646,5880622647,622913245,14.5,1453,residential,,,,,,,,,,,
5880622647,5880622650,622913245,59.6,1458,residential,,,,,,,,,,,
5880622650,5880622651,622913245,41.6,1467,residential,,,,,,,,,,,
5880622651,5880622653,622913245,37.9,1481,residential,,,,,,,,,,,
5883093070,3842228218,622913246,31.8,1485,residential,,,,,,,,,,,
5883093070,6894943705,622913246,17.5,1474,residential,,,,,,,,,,,
5883093071,6894943705,622913246,34.7,1459,residential,,,,,,,,,,,
5883093203,5883093204,622913250,42.9,1495,track,,,unpaved,,,,,,,,
5883093204,5883093205,622913250,32.3,1477,track,,,unpaved,,,,,,,,
5883093205,5883093208,622913250,60.5,1466,track,,,unpaved,,,,,,,,
5883093208,5883093209,622913250,7.8,1466,track,,,unpaved,,,,,,,,
5883093209,5883093210,622913250,42.3,1467,track,,,unpaved,,,,,,,,
5883093210,5883093211,622913250,20.1,1485,track,,,unpaved,,,,,,,,
5880622258,5883092915,623473774,35.1,1460,residential,,,,,,,,,,,
5880622258,5880622259,623473774,10.0,1452,residential,,,,,,,,,,,
5880622653,5883092914,623473774,13.4,1493,residential,,,,,,,,,,,
5883092914,5883092915,623473774,17.3,1480,residential,,,,,,,,,,,
5883092569,5883092570,794270380,16.9,1206,track,,,unpaved,,,,,,,,
5883092570,5883092571,794270380,37.8,1176,track,,,unpaved,,,,,,,,
3842228242,5883092574,794270380,31.4,1121,track,,,unpaved,,,,,,,,
5883092571,5883092573,794270380,31.8,1162,track,,,unpaved,,,,,,,,
5883092573,5883092574,794270380,9.8,1153,track,,,unpaved,,,,,,,,
7428737126,7428737125,794270381,9.1,1230,track,yes,,unpaved,,,,1,,,,794270376:stream:Punnappuzha
12083700545,5880623890,794678800,31.2,423,track,,,unpaved,,,,,,,,
12083700545,5880623893,794678800,11.0,413,track,,,unpaved,,,,,,,,
11306510854,5880623904,794678800,28.8,174,track,,,unpaved,,,,,,,,
11306510854,5880623907,794678800,13.5,165,track,,,unpaved,,,,,,,,
5880623014,5880623910,794678800,23.0,120,track,,,unpaved,,,,,,,,
5880623675,5880623676,794678800,9.3,478,track,,,unpaved,,,,,,,,
5880623676,5880623677,794678800,13.7,478,track,,,unpaved,,,,,,,,
5880623677,5880623679,794678800,36.9,482,track,,,unpaved,,,,,,,,
5880623679,5880623681,794678800,19.0,509,track,,,unpaved,,,,,,,,
5880623681,5880623682,794678800,8.7,519,track,,,unpaved,,,,,,,,
5880623682,5880623684,794678800,20.7,499,track,,,unpaved,,,,,,,,
5880623684,5880623886,794678800,24.2,479,track,,,unpaved,,,,,,,,
5880623886,5880623887,794678800,15.9,473,track,,,unpaved,,,,,,,,
5880623887,5880623889,794678800,18.6,461,track,,,unpaved,,,,,,,,
5880623889,5880623890,794678800,7.2,454,track,,,unpaved,,,,,,,,
5880623893,5880623895,794678800,26.0,389,track,,,unpaved,,,,,,,,
5880623895,5880623896,794678800,38.2,353,track,,,unpaved,,,,,,,,
5880623896,5880623897,794678800,29.6,325,track,,,unpaved,,,,,,,,
5880623897,5880623900,794678800,55.9,269,track,,,unpaved,,,,,,,,
5880623900,5880623901,794678800,14.8,256,track,,,unpaved,,,,,,,,
5880623901,5880623903,794678800,35.0,221,track,,,unpaved,,,,,,,,
5880623903,5880623904,794678800,28.4,195,track,,,unpaved,,,,,,,,
5880623907,5880623908,794678800,9.1,156,track,,,unpaved,,,,,,,,
5880623908,5880623909,794678800,10.6,146,track,,,unpaved,,,,,,,,
5880623909,5880623910,794678800,16.7,132,track,,,unpaved,,,,,,,,
5880623674,5880623675,794678801,8.5,484,track,,,unpaved,,,,-1,,yes,,794678799:stream:poonapuzha
3842230571,3842230582,794678802,11.6,1466,tertiary,,permit,,,,,,,,,
3842230571,3842230564,794678802,10.3,1470,tertiary,,permit,,,,,,,,,
3842230579,3842230580,794678802,9.2,1429,tertiary,,permit,,,,,,,,,
3842230579,3842230581,794678802,11.9,1438,tertiary,,permit,,,,,,,,,
3842230612,3842230616,794678802,24.7,1261,tertiary,,permit,,,,,,,,,
3842230612,3842230613,794678802,14.7,1284,tertiary,,permit,,,,,,,,,
3842230613,3842230617,794678802,19.4,1298,tertiary,,permit,,,,,,,,,
3842230616,3842230621,794678802,6.6,1255,tertiary,,permit,,,,,,,,,
3842230617,3842230619,794678802,16.8,1317,tertiary,,permit,,,,,,,,,
3842230618,3842230620,794678802,11.7,1349,tertiary,,permit,,,,,,,,,
3842230618,3842230614,794678802,10.7,1360,tertiary,,permit,,,,,,,,,
3842230614,3842230606,794678802,15.6,1362,tertiary,,permit,,,,,,,,,
3842230619,3842230620,794678802,15.6,1333,tertiary,,permit,,,,,,,,,
3842230621,3842230624,794678802,49.6,1244,tertiary,,permit,,,,,,,,,
3842230627,3842230631,794678802,29.1,1221,tertiary,,permit,,,,,,,,,
3842230627,3842230624,794678802,21.8,1236,tertiary,,permit,,,,,,,,,
3842230631,3842230633,794678802,22.5,1220,tertiary,,permit,,,,,,,,,
3842230633,3842230635,794678802,20.7,1220,tertiary,,permit,,,,,,,,,
3842230635,3842230656,794678802,36.1,1222,tertiary,,permit,,,,,,,,,
3842230643,3842230646,794678802,22.5,461,tertiary,,permit,,,,,,,,,
3842230643,3842230644,794678802,14.5,476,tertiary,,permit,,,,,,,,,
3842230644,3842230648,794678802,17.2,489,tertiary,,permit,,,,,,,,,
3842230646,7432812463,794678802,10.7,455,tertiary,,permit,,,,,,,,,
3842230648,3842230757,794678802,23.1,506,tertiary,,permit,,,,,,,,,
3842230656,3842230763,794678802,17.9,1235,tertiary,,permit,,,,,,,,,
3842230757,3842230761,794678802,29.2,528,tertiary,,permit,,,,,,,,,
3842230761,3842230765,794678802,17.3,557,tertiary,,permit,,,,,,,,,
3842230763,3842230764,794678802,3.5,1241,tertiary,,permit,,,,,,,,,
3842230764,3842230766,794678802,5.2,1240,tertiary,,permit,,,,,,,,,
3842230765,3842230773,794678802,24.9,575,tertiary,,permit,,,,,,,,,
3842230766,3842230767,794678802,5.6,1237,tertiary,,permit,,,,,,,,,
3842230767,3842230769,794678802,4.0,1234,tertiary,,permit,,,,,,,,,
3842230769,3842230770,794678802,3.3,1233,tertiary,,permit,,,,,,,,,
3842230770,3842230774,794678802,12.1,1232,tertiary,,permit,,,,,,,,,
3842230773,3842230780,794678802,18.2,599,tertiary,,permit,,,,,,,,,
3842230774,3842230779,794678802,11.9,1232,tertiary,,permit,,,,,,,,,
3842230779,3842230793,794678802,29.2,1232,tertiary,,permit,,,,,,,,,
3842230780,3842230790,794678802,11.7,612,tertiary,,permit,,,,,,,,,
3842230801,3842230797,794678802,17.8,638,tertiary,,permit,,,,,,,,,
3842230801,3842230808,794678802,19.9,647,tertiary,,permit,,,,,,,,,
3842230808,3842230813,794678802,9.7,655,tertiary,,permit,,,,,,,,,
3842230809,3842230810,794678802,7.3,890,tertiary,,permit,,,,,,,,,
3842230809,3842230812,794678802,8.2,896,tertiary,,permit,,,,,,,,,
3842230810,3842230815,794678802,6.5,890,tertiary,,permit,,,,,,,,,
3842230811,3842230816,794678802,21.7,1127,tertiary,,permit,,,,,,,,,
3842230811,3842230805,794678802,33.6,1144,tertiary,,permit,,,,,,,,,
3842230812,3842230825,794678802,18.0,904,tertiary,,permit,,,,,,,,,
3842230813,3842230826,794678802,25.2,650,tertiary,,permit,,,,,,,,,
3842230815,11306555373,794678802,16.5,890,tertiary,,permit,,,,,,,,,
3842230816,3842230817,794678802,20.1,1110,tertiary,,permit,,,,,,,,,
3842230817,3842230823,794678802,13.2,1102,tertiary,,permit,,,,,,,,,
3842230821,3842230822,794678802,36.2,991,tertiary,,permit,,,,,,,,,
3842230821,3842230827,794678802,43.0,1025,tertiary,,permit,,,,,,,,,
3842230822,5880623012,794678802,2.0,989,tertiary,,permit,,,,,,,,,
3842230823,3842230827,794678802,40.7,1066,tertiary,,permit,,,,,,,,,
3842230825,3842230829,794678802,10.1,921,tertiary,,permit,,,,,,,,,
3842230826,3842230833,794678802,10.9,650,tertiary,,permit,,,,,,,,,
3842230829,3842230832,794678802,26.0,931,tertiary,,permit,,,,,,,,,
3842230831,3842230832,794678802,13.2,957,tertiary,,permit,,,,,,,,,
3842230831,5880623012,794678802,36.2,968,tertiary,,permit,,,,,,,,,
3842230833,3842230838,794678802,16.7,652,tertiary,,permit,,,,,,,,,
3842230834,3842230839,794678802,21.8,897,tertiary,,permit,,,,,,,,,
3842230834,11306555373,794678802,8.4,896,tertiary,,permit,,,,,,,,,
3842230838,3842230844,794678802,17.8,663,tertiary,,permit,,,,,,,,,
3842230839,3842230842,794678802,10.1,897,tertiary,,permit,,,,,,,,,
3842230842,3842230850,794678802,13.9,897,tertiary,,permit,,,,,,,,,
3842230844,3842230851,794678802,26.7,680,tertiary,,permit,,,,,,,,,
3842230850,3842230853,794678802,9.5,904,tertiary,,permit,,,,,,,,,
3842230851,3842230876,794678802,121.3,705,tertiary,,permit,,,,,,,,,
3842230853,3842230866,794678802,38.6,901,tertiary,,permit,,,,,,,,,
3842230866,3842230877,794678802,31.9,892,tertiary,,permit,,,,,,,,,
3842230876,3842230878,794678802,9.9,821,tertiary,,permit,,,,,,,,,
3842230877,3842230884,794678802,12.7,884,tertiary,,permit,,,,,,,,,
3842230884,3842230879,794678802,28.3,861,tertiary,,permit,,,,,,,,,
3842230558,3842230559,794678802,13.2,1497,tertiary,,permit,,,,,,,,,
3842230559,3842230562,794678802,17.0,1483,tertiary,,permit,,,,,,,,,
3842230562,3842230564,794678802,16.3,1473,tertiary,,permit,,,,,,,,,
3842230580,3842230585,794678802,33.7,1399,tertiary,,permit,,,,,,,,,
3842230581,3842230583,794678802,9.1,1450,tertiary,,permit,,,,,,,,,
3842230582,3842230583,794678802,7.1,1459,tertiary,,permit,,,,,,,,,
3842230585,3842230594,794678802,42.7,1364,tertiary,,permit,,,,,,,,,
3842230594,3842230597,794678802,13.7,1356,tertiary,,permit,,,,,,,,,
3842230597,3842230600,794678802,13.9,1355,tertiary,,permit,,,,,,,,,
3842230600,3842230606,794678802,23.8,1355,tertiary,,permit,,,,,,,,,
3842230790,3842230797,794678802,25.7,620,tertiary,,permit,,,,,,,,,
3842230793,3842230800,794678802,35.8,1213,tertiary,,permit,,,,,,,,,
3842230800,3842230803,794678802,27.5,1191,tertiary,,permit,,,,,,,,,
3842230803,3842230805,794678802,27.1,1168,tertiary,,permit,,,,,,,,,
3842230878,3842230879,794678802,40.0,830,tertiary,,permit,,,,,,,,,
3842230653,7432812463,794678803,9.0,451,tertiary,yes,,,,,,1,,,,794678799:stream:poonapuzha
8642233502,5880622352,932269939,4.8,1374,unclassified,,,,,,,,,,,
8642233502,8642233503,932269939,3.8,1379,unclassified,,,,,,,,,,,
8642233503,8642233504,932269939,10.2,1381,unclassified,,,,,,,,,,,
8642233504,8642233505,932269939,12.0,1384,unclassified,,,,,,,,,,,
8642233505,8642233506,932269939,10.1,1385,unclassified,,,,,,,,,,,
8642233506,8642233507,932269939,5.6,1388,unclassified,,,,,,,,,,,
8642233507,8642233508,932269939,3.3,1390,unclassified,,,,,,,,,,,
8642233508,8642233509,932269939,3.1,1391,unclassified,,,,,,,,,,,
8642233509,8642233510,932269939,3.4,1393,unclassified,,,,,,,,,,,
8642233510,8642233511,932269939,5.3,1396,unclassified,,,,,,,,,,,
8642233511,8642233512,932269939,4.4,1399,unclassified,,,,,,,,,,,
8642233512,8642233513,932269939,4.3,1402,unclassified,,,,,,,,,,,
8642233513,8642233514,932269939,2.9,1405,unclassified,,,,,,,,,,,
8642233514,8642233515,932269939,3.7,1406,unclassified,,,,,,,,,,,
8642233515,8642233516,932269939,4.2,1408,unclassified,,,,,,,,,,,
8642233516,8642261117,932269939,4.6,1410,unclassified,,,,,,,,,,,
8642261117,8642261118,932269939,2.4,1410,unclassified,,,,,,,,,,,
8642261118,8642261119,932269939,7.1,1411,unclassified,,,,,,,,,,,
8642261122,8642261121,932269939,3.5,1416,unclassified,,,,,,,,,,,
8642261122,8642261123,932269939,4.4,1419,unclassified,,,,,,,,,,,
8642261123,8642261124,932269939,4.6,1422,unclassified,,,,,,,,,,,
8642261124,8642261125,932269939,4.0,1426,unclassified,,,,,,,,,,,
8642261125,8642261126,932269939,3.7,1430,unclassified,,,,,,,,,,,
8642261126,8642261127,932269939,5.4,1434,unclassified,,,,,,,,,,,
8642261127,8642261128,932269939,4.3,1439,unclassified,,,,,,,,,,,
8642261130,8642261129,932269939,3.2,1448,unclassified,,,,,,,,,,,
8642261130,8642261131,932269939,2.7,1451,unclassified,,,,,,,,,,,
8642261136,8642261135,932269939,5.9,1462,unclassified,,,,,,,,,,,
8642261136,8642261137,932269939,7.5,1462,unclassified,,,,,,,,,,,
8642261137,8642261138,932269939,6.3,1461,unclassified,,,,,,,,,,,
8642261138,8642261139,932269939,7.6,1460,unclassified,,,,,,,,,,,
8642261139,8642261140,932269939,10.2,1460,unclassified,,,,,,,,,,,
8642261157,8642261156,932269939,11.3,1465,unclassified,,,,,,,,,,,
8642261157,8642261158,932269939,11.3,1465,unclassified,,,,,,,,,,,
8642261162,8642261161,932269939,2.8,1457,unclassified,,,,,,,,,,,
8642261162,8642261163,932269939,4.8,1452,unclassified,,,,,,,,,,,
8642261164,8642261163,932269939,10.1,1442,unclassified,,,,,,,,,,,
8642261164,8642261165,932269939,6.1,1436,unclassified,,,,,,,,,,,
8642261171,8642261170,932269939,3.1,1432,unclassified,,,,,,,,,,,
8642261171,8642261172,932269939,3.3,1434,unclassified,,,,,,,,,,,
8642261192,8642261191,932269939,13.8,1491,unclassified,,,,,,,,,,,
8642261165,8642261166,932269939,4.2,1433,unclassified,,,,,,,,,,,
8642261166,8642261167,932269939,3.7,1431,unclassified,,,,,,,,,,,
8642261119,8642261120,932269939,6.6,1412,unclassified,,,,,,,,,,,
8642261120,8642261121,932269939,4.0,1414,unclassified,,,,,,,,,,,
8642261131,8642261132,932269939,2.8,1454,unclassified,,,,,,,,,,,
8642261132,8642261133,932269939,3.7,1456,unclassified,,,,,,,,,,,
8642261133,8642261134,932269939,3.7,1459,unclassified,,,,,,,,,,,
8642261134,8642261135,932269939,4.9,1462,unclassified,,,,,,,,,,,
8642261128,8642261129,932269939,4.3,1444,unclassified,,,,,,,,,,,
8642261140,8642261141,932269939,9.2,1461,unclassified,,,,,,,,,,,
8642261141,8642261142,932269939,9.4,1464,unclassified,,,,,,,,,,,
8642261142,8642261143,932269939,9.6,1469,unclassified,,,,,,,,,,,
8642261143,8642261144,932269939,10.7,1475,unclassified,,,,,,,,,,,
8642261144,8642261145,932269939,8.2,1482,unclassified,,,,,,,,,,,
8642261145,8642261146,932269939,7.0,1486,unclassified,,,,,,,,,,,
8642261146,8642261147,932269939,6.0,1486,unclassified,,,,,,,,,,,
8642261147,8642261148,932269939,3.9,1484,unclassified,,,,,,,,,,,
8642261148,8642261149,932269939,6.1,1479,unclassified,,,,,,,,,,,
8642261149,8642261150,932269939,6.1,1473,unclassified,,,,,,,,,,,
8642261150,8642261151,932269939,3.8,1470,unclassified,,,,,,,,,,,
8642261151,8642261152,932269939,4.5,1467,unclassified,,,,,,,,,,,
8642261152,8642261153,932269939,5.0,1464,unclassified,,,,,,,,,,,
8642261153,8642261154,932269939,6.9,1463,unclassified,,,,,,,,,,,
8642261154,8642261155,932269939,6.9,1463,unclassified,,,,,,,,,,,
8642261155,8642261156,932269939,11.6,1463,unclassified,,,,,,,,,,,
8642261158,8642261159,932269939,7.7,1464,unclassified,,,,,,,,,,,
8642261159,8642261160,932269939,6.4,1462,unclassified,,,,,,,,,,,
8642261160,8642261161,932269939,4.1,1460,unclassified,,,,,,,,,,,
8642261169,8642261168,932269939,5.4,1430,unclassified,,,,,,,,,,,
8642261169,8642261170,932269939,3.7,1431,unclassified,,,,,,,,,,,
8642261174,8642261173,932269939,5.6,1443,unclassified,,,,,,,,,,,
8642261174,8642261175,932269939,6.8,1448,unclassified,,,,,,,,,,,
8642261172,8642261173,932269939,5.5,1437,unclassified,,,,,,,,,,,
8642261175,8642261176,932269939,7.0,1453,unclassified,,,,,,,,,,,
8642261176,8642261177,932269939,5.1,1456,unclassified,,,,,,,,,,,
8642261177,8642261178,932269939,9.8,1457,unclassified,,,,,,,,,,,
8642261178,8642261179,932269939,11.7,1457,unclassified,,,,,,,,,,,
8642261179,8642261180,932269939,8.7,1459,unclassified,,,,,,,,,,,
8642261180,8642261181,932269939,11.0,1459,unclassified,,,,,,,,,,,
8642261181,8642261182,932269939,9.0,1457,unclassified,,,,,,,,,,,
8642261182,8642261183,932269939,9.5,1455,unclassified,,,,,,,,,,,
8642261183,8642261184,932269939,9.6,1453,unclassified,,,,,,,,,,,
8642261184,8642261185,932269939,5.6,1453,unclassified,,,,,,,,,,,
8642261185,8642261186,932269939,4.7,1453,unclassified,,,,,,,,,,,
8642261186,8642261187,932269939,7.5,1454,unclassified,,,,,,,,,,,
8642261187,8642261188,932269939,8.7,1459,unclassified,,,,,,,,,,,
8642261188,8642261189,932269939,18.0,1464,unclassified,,,,,,,,,,,
8642261189,8642261190,932269939,9.1,1474,unclassified,,,,,,,,,,,
8642261190,8642261191,932269939,14.6,1480,unclassified,,,,,,,,,,,
8642261167,8642261168,932269939,4.9,1430,unclassified,,,,,,,,,,,
8642269429,8642269430,932271080,12.4,1497,unclassified,,,,,,,,,,,
8642269430,8642269431,932271080,5.4,1496,unclassified,,,,,,,,,,,
8642269431,8642269432,932271080,6.5,1496,unclassified,,,,,,,,,,,
8642269432,8642269433,932271080,7.7,1496,unclassified,,,,,,,,,,,
8642269433,8642269434,932271080,8.9,1499,unclassified,,,,,,,,,,,
11306506278,11306506279,1220183160,81.5,1429,unclassified,,,,,,,,,,,
11306506279,11306506280,1220183160,19.3,1422,unclassified,,,,,,,,,,,
11306506280,11306506281,1220183160,31.2,1402,unclassified,,,,,,,,,,,
11306523844,11306523845,1220185761,40.5,1478,residential,,,unpaved,,,,,,,,
11306523845,11306523846,1220185761,49.5,1431,residential,,,unpaved,,,,,,,,
11306527471,11306527472,1220185764,25.1,1335,unclassified,,,,,,,,,,,
11306527472,11306527473,1220185764,12.2,1323,unclassified,,,,,,,,,,,
11306527473,11306527474,1220185764,23.9,1300,unclassified,,,,,,,,,,,
11306527474,11306527475,1220185764,8.8,1291,unclassified,,,,,,,,,,,
11306527475,11306527476,1220185764,29.0,1262,unclassified,,,,,,,,,,,
11306527476,11306527477,1220185764,21.8,1241,unclassified,,,,,,,,,,,
11306527477,11306527478,1220185764,27.3,1221,unclassified,,,,,,,,,,,
11306527478,11306527479,1220185764,8.8,1214,unclassified,,,,,,,,,,,
11306527479,11306527480,1220185764,18.2,1196,unclassified,,,,,,,,,,,
11306527480,11306527481,1220185764,19.1,1177,unclassified,,,,,,,,,,,
11306527591,11306527590,1220185770,59.5,1441,unclassified,,,,,,,,,,,
11306531949,11306531950,1220186547,38.3,827,residential,,,unpaved,,,,,,,,
11306531950,5883092761,1220186547,34.8,793,residential,,,unpaved,,,,,,,,
11306531951,11306531952,1220186548,49.9,726,residential,,,unpaved,,,,,,,,
11306531952,11306531953,1220186548,5.2,721,residential,,,unpaved,,,,,,,,
11306531953,11306531954,1220186548,5.8,721,residential,,,unpaved,,,,,,,,
11306531954,11306531955,1220186548,8.3,723,residential,,,unpaved,,,,,,,,
11306531955,11306531956,1220186548,4.0,724,residential,,,unpaved,,,,,,,,
11306531956,11306531957,1220186548,6.8,718,residential,,,unpaved,,,,,,,,
11306531957,11306531963,1220186548,22.0,697,residential,,,unpaved,,,,,,,,
11306531958,11306531963,1220186548,40.5,658,residential,,,unpaved,,,,,,,,
11306531958,11306531959,1220186548,5.4,653,residential,,,unpaved,,,,,,,,
11306531959,11306531960,1220186548,4.6,648,residential,,,unpaved,,,,,,,,
11306531960,11306531961,1220186548,5.1,644,residential,,,unpaved,,,,,,,,
11306531961,11306531962,1220186548,65.1,627,residential,,,unpaved,,,,,,,,
11306531963,11306531964,1220186549,63.3,681,residential,,,unpaved,,,,,,,,
11306531966,11306531967,1220186551,23.5,749,residential,,,unpaved,,,,,,,,
11306531967,11306531968,1220186551,90.9,744,residential,,,unpaved,,,,,,,,
5883093176,11306531970,1220186552,53.9,388,residential,,,unpaved,,,,,,,,
11306531969,11306531970,1220186552,34.9,433,residential,,,unpaved,,,,,,,,
5883093176,11306531971,1220186553,15.5,388,residential,,,unpaved,,,,,,,,
11306531971,11306531972,1220186553,31.5,389,residential,,,unpaved,,,,,,,,
11306531972,11306531973,1220186553,25.7,405,residential,,,unpaved,,,,,,,,
11306531973,11306531974,1220186553,34.2,422,residential,,,unpaved,,,,,,,,
3842230858,11306531977,1220186554,25.1,536,residential,,,unpaved,,,,,,,,
11306531975,11306531978,1220186554,22.5,486,residential,,,unpaved,,,,,,,,
11306531976,11306531978,1220186554,24.7,507,residential,,,unpaved,,,,,,,,
11306531976,11306531977,1220186554,6.5,530,residential,,,unpaved,,,,,,,,
11306510852,11306510853,1220187507,18.6,128,residential,,,unpaved,,,,,,,,
11306510853,11306510848,1220187507,17.8,138,residential,,,unpaved,,,,,,,,
11306510846,11306510850,1220187507,8.9,172,residential,,,unpaved,,,,,,,,
11306510846,11306510847,1220187507,20.4,156,residential,,,unpaved,,,,,,,,
11306510847,11306510848,1220187507,10.5,150,residential,,,unpaved,,,,,,,,
11306510850,11306510851,1220187507,17.2,180,residential,,,unpaved,,,,,,,,
11306510855,11306510854,1220187508,61.2,174,track,,,,,,,,,,,
11306510855,11306510856,1220187508,16.3,193,track,,,,,,,,,,,
11306510856,11306510857,1220187508,158.0,199,track,,,,,,,,,,,
11306510860,11306510859,1220187509,30.2,333,unclassified,,,,,,,,,,,
11306510860,11306510861,1220187509,18.6,347,unclassified,,,,,,,,,,,
11306510858,5880623897,1220187509,24.9,325,unclassified,,,,,,,,,,,
11306510858,11306510859,1220187509,32.0,327,unclassified,,,,,,,,,,,
11306537776,11306537775,1220187510,28.9,961,residential,,,unpaved,,,,,,,,
11306537776,11306537777,1220187510,8.2,985,residential,,,unpaved,,,,,,,,
11306537777,11306537778,1220187510,31.8,991,residential,,,unpaved,,,,,,,,
11306537779,11306537778,1220187510,28.4,1008,residential,,,unpaved,,,,,,,,
11306537779,11306537780,1220187510,31.4,1026,residential,,,unpaved,,,,,,,,
11306510862,11306510863,1220187510,15.0,855,residential,,,unpaved,,,,,,,,
11306510863,11306510864,1220187510,22.5,867,residential,,,unpaved,,,,,,,,
11306510864,11306510865,1220187510,9.1,878,residential,,,unpaved,,,,,,,,
11306510865,11306510866,1220187510,31.5,878,residential,,,unpaved,,,,,,,,
11306510866,11306510867,1220187510,26.1,887,residential,,,unpaved,,,,,,,,
11306510867,11306510868,1220187510,21.0,901,residential,,,unpaved,,,,,,,,
11306510868,11306537769,1220187510,14.2,916,residential,,,unpaved,,,,,,,,
11306537769,11306537770,1220187510,14.8,927,residential,,,unpaved,,,,,,,,
11306537771,11306537770,1220187510,12.3,940,residential,,,unpaved,,,,,,,,
11306537771,11306537772,1220187510,8.4,952,residential,,,unpaved,,,,,,,,
11306537772,11306537773,1220187510,7.6,959,residential,,,unpaved,,,,,,,,
11306537773,11306537774,1220187510,20.0,959,residential,,,unpaved,,,,,,,,
11306537774,11306537775,1220187510,8.6,959,residential,,,unpaved,,,,,,,,
11306537781,11306537782,1220187511,25.2,1108,residential,,,unpaved,,,,,,,,
11306537782,11306537783,1220187511,7.3,1133,residential,,,unpaved,,,,,,,,
11306537783,11306537784,1220187511,24.1,1140,residential,,,unpaved,,,,,,,,
12095464211,12095464212,1220187512,9.5,1245,residential,,,unpaved,,,,,,,,
12095464212,12095464213,1220187512,21.9,1224,residential,,,unpaved,,,,,,,,
12095464213,12095464214,1220187512,19.4,1207,residential,,,unpaved,,,,,,,,
12095464214,11306537787,1220187512,16.3,1192,residential,,,unpaved,,,,,,,,
11306537785,11306537788,1220187512,17.3,1145,residential,,,unpaved,,,,,,,,
11306537785,11306537786,1220187512,16.2,1153,residential,,,unpaved,,,,,,,,
11306537786,11306537787,1220187512,32.7,1164,residential,,,unpaved,,,,,,,,
11306537788,5880624352,1220187512,5.4,1140,residential,,,unpaved,,,,,,,,
5880622881,11306537791,1220187513,15.9,1181,residential,,,unpaved,,,,,,,,
11306537789,11306537792,1220187513,18.7,1215,residential,,,unpaved,,,,,,,,
11306537789,11306537790,1220187513,11.0,1204,residential,,,unpaved,,,,,,,,
11306537790,11306537791,1220187513,10.8,1194,residential,,,unpaved,,,,,,,,
11306537792,11306537793,1220187513,13.1,1233,residential,,,unpaved,,,,,,,,
11306537793,11306537794,1220187513,14.8,1245,residential,,,unpaved,,,,,,,,
11306537794,11306537795,1220187513,23.1,1260,residential,,,unpaved,,,,,,,,
5880622877,11306537796,1220187514,8.3,1368,residential,,,unpaved,,,,,,,,
11306537796,11306537797,1220187514,25.6,1376,residential,,,unpaved,,,,,,,,
11306537797,11306537798,1220187514,10.8,1402,residential,,,unpaved,,,,,,,,
3842230832,11306555387,1220190200,11.6,946,residential,,,unpaved,,,,,,,,
11306555369,11306555370,1220190200,35.4,754,residential,,,unpaved,,,,,,,,
11306555370,11306555371,1220190200,16.3,787,residential,,,unpaved,,,,,,,,
11306555371,11306555372,1220190200,58.6,803,residential,,,unpaved,,,,,,,,
11306555372,11306555374,1220190200,50.6,854,residential,,,unpaved,,,,,,,,
11306555374,11306555375,1220190200,13.4,885,residential,,,unpaved,,,,,,,,
11306555375,11306555376,1220190200,14.5,877,residential,,,unpaved,,,,,,,,
11306555376,11306555377,1220190200,24.3,858,residential,,,unpaved,,,,,,,,
11306555377,11306555378,1220190200,15.2,845,residential,,,unpaved,,,,,,,,
11306555378,11306555379,1220190200,8.1,842,residential,,,unpaved,,,,,,,,
11306555379,11306555380,1220190200,6.4,842,residential,,,unpaved,,,,,,,,
11306555380,11306555381,1220190200,7.5,842,residential,,,unpaved,,,,,,,,
11306555381,11306555382,1220190200,9.8,849,residential,,,unpaved,,,,,,,,
11306555382,11306555383,1220190200,25.8,858,residential,,,unpaved,,,,,,,,
11306555383,11306555384,1220190200,10.1,884,residential,,,unpaved,,,,,,,,
11306555384,11306555385,1220190200,14.0,893,residential,,,unpaved,,,,,,,,
11306555385,11306555386,1220190200,16.4,906,residential,,,unpaved,,,,,,,,
11306555386,11306555387,1220190200,27.8,920,residential,,,unpaved,,,,,,,,
5880622222,11306555401,1220190201,12.0,663,residential,,,unpaved,,,,,,,,
11306555369,11306555388,1220190201,15.4,739,residential,,,unpaved,,,,,,,,
11306555388,11306555389,1220190201,18.4,727,residential,,,unpaved,,,,,,,,
11306555389,11306555390,1220190201,20.6,720,residential,,,unpaved,,,,,,,,
11306555390,11306555391,1220190201,17.0,720,residential,,,unpaved,,,,,,,,
11306555391,11306555392,1220190201,13.4,723,residential,,,unpaved,,,,,,,,
11306555392,11306555393,1220190201,15.6,710,residential,,,unpaved,,,,,,,,
11306555393,11306555394,1220190201,13.9,706,residential,,,unpaved,,,,,,,,
11306555394,11306555395,1220190201,17.7,701,residential,,,unpaved,,,,,,,,
11306555395,11306555396,1220190201,19.4,686,residential,,,unpaved,,,,,,,,
11306555396,11306555397,1220190201,12.7,675,residential,,,unpaved,,,,,,,,
11306555397,11306555398,1220190201,13.3,671,residential,,,unpaved,,,,,,,,
11306555398,11306555399,1220190201,30.2,662,residential,,,unpaved,,,,,,,,
11306555399,11306555400,1220190201,12.4,660,residential,,,unpaved,,,,,,,,
11306555400,11306555401,1220190201,14.0,660,residential,,,unpaved,,,,,,,,
11306555402,11306555422,1220190202,37.9,543,residential,,,unpaved,,,,,,,,
12084257155,11306555403,1220190203,26.4,915,residential,,,unpaved,,,,,,,,
12084257155,12084259237,1220190203,13.1,909,residential,,,unpaved,,,,,,,,
12084257158,12084259238,1220190203,7.9,861,residential,,,unpaved,,,,,,,,
12084257158,11306555406,1220190203,9.9,852,residential,,,unpaved,,,,,,,,
12084257160,11306555410,1220190203,15.6,785,residential,,,unpaved,,,,,,,,
12084257160,11306555411,1220190203,21.0,781,residential,,,unpaved,,,,,,,,
12084257156,12084259237,1220190203,16.0,901,residential,,,unpaved,,,,,,,,
12084257156,11306555404,1220190203,24.9,890,residential,,,unpaved,,,,,,,,
12084257157,11306555404,1220190203,14.7,879,residential,,,unpaved,,,,,,,,
12084257157,11306555405,1220190203,6.1,874,residential,,,unpaved,,,,,,,,
12084257159,12084259240,1220190203,3.8,829,residential,,,unpaved,,,,,,,,
12084257159,12084259241,1220190203,6.2,823,residential,,,unpaved,,,,,,,,
12084259238,11306555405,1220190203,6.6,868,residential,,,unpaved,,,,,,,,
12084259240,11306555406,1220190203,19.0,833,residential,,,unpaved,,,,,,,,
12084259241,11306555407,1220190203,3.4,820,residential,,,unpaved,,,,,,,,
12084259242,11306555408,1220190203,4.5,802,residential,,,unpaved,,,,,,,,
12084259242,11306555409,1220190203,4.2,798,residential,,,unpaved,,,,,,,,
12084259243,11306555409,1220190203,7.4,794,residential,,,unpaved,,,,,,,,
12084259243,11306555410,1220190203,9.9,789,residential,,,unpaved,,,,,,,,
11306555429,11306555428,1220190203,11.4,1009,residential,,,unpaved,,,,,,,,
11306555428,11306555427,1220190203,11.6,997,residential,,,unpaved,,,,,,,,
11306555427,11306555426,1220190203,30.0,971,residential,,,unpaved,,,,,,,,
12084214517,11306555424,1220190203,22.7,598,residential,,,unpaved,,,,,,,,
12084214517,11306555421,1220190203,5.1,595,residential,,,unpaved,,,,,,,,
11306555403,11306555425,1220190203,44.9,928,residential,,,unpaved,,,,,,,,
11306555407,11306555408,1220190203,14.0,806,residential,,,unpaved,,,,,,,,
11306555411,11306555412,1220190203,17.3,776,residential,,,unpaved,,,,,,,,
11306555412,11306555413,1220190203,8.8,771,residential,,,unpaved,,,,,,,,
11306555413,12084240081,1220190203,3.9,767,residential,,,unpaved,,,,,,,,
11306555414,12084240081,1220190203,7.2,760,residential,,,unpaved,,,,,,,,
11306555414,11306555415,1220190203,15.5,744,residential,,,unpaved,,,,,,,,
11306555415,11306555416,1220190203,17.5,728,residential,,,unpaved,,,,,,,,
11306555416,11306555417,1220190203,32.9,704,residential,,,unpaved,,,,,,,,
11306555417,11306555418,1220190203,14.1,691,residential,,,unpaved,,,,,,,,
11306555418,11306555419,1220190203,34.3,658,residential,,,unpaved,,,,,,,,
11306555419,11306555420,1220190203,46.6,616,residential,,,unpaved,,,,,,,,
11306555420,11306555424,1220190203,8.2,609,residential,,,unpaved,,,,,,,,
11306555421,11306555423,1220190203,8.0,588,residential,,,unpaved,,,,,,,,
11306555422,11306555423,1220190203,9.4,579,residential,,,unpaved,,,,,,,,
11306555425,11306555426,1220190203,13.9,961,residential,,,unpaved,,,,,,,,
5880622262,11306555430,1220190204,9.8,1284,residential,,,unpaved,,,,,,,,
11306555430,11306555431,1220190204,12.8,1288,residential,,,unpaved,,,,,,,,
11306555431,11306555434,1220190204,15.7,1297,residential,,,unpaved,,,,,,,,
11306555434,11306555435,1220190205,19.3,1310,residential,,,unpaved,,,,,,,,
11306555435,11306555433,1220190205,14.2,1328,residential,,,unpaved,,,,,,,,
11306555433,11306555432,1220190205,10.0,1342,residential,,,unpaved,,,,,,,,
11306555436,11306555441,1220190205,41.8,1376,residential,,,unpaved,,,,,,,,
11306555436,11306555432,1220190205,24.7,1351,residential,,,unpaved,,,,,,,,
11306555441,11306555440,1220190206,7.9,1417,residential,,,unpaved,,,,,,,,
11306555440,11306555439,1220190206,10.3,1425,residential,,,unpaved,,,,,,,,
11306555439,11306555438,1220190206,9.7,1434,residential,,,unpaved,,,,,,,,
11306555438,11306555437,1220190206,20.6,1444,residential,,,unpaved,,,,,,,,
11306555442,11306555444,1220190206,26.2,1481,residential,,,unpaved,,,,,,,,
11306555442,11306555437,1220190206,22.8,1464,residential,,,unpaved,,,,,,,,
11306555444,11306555443,1220190207,3.9,1491,residential,,,unpaved,,,,,,,,
11306555445,11306555443,1220190207,18.0,1493,residential,,,unpaved,,,,,,,,
11306555447,11306555448,1220190208,16.6,1493,residential,,,unpaved,,,,,,,,
11306555448,11306555449,1220190208,14.1,1486,residential,,,unpaved,,,,,,,,
12084365072,11306563208,1220191385,35.6,1196,unclassified,,,,,,,,,,,
12084365072,11306563209,1220191385,23.3,1223,unclassified,,,,,,,,,,,
3842230616,11306563222,1220191385,56.2,1261,unclassified,,,,,,,,,,,
3842230621,11306550659,1220191385,43.5,1216,unclassified,,,,,,,,,,,
12084416313,11306563196,1220191385,14.0,996,unclassified,,,,,,,,,,,
12084416313,11306563197,1220191385,24.9,1008,unclassified,,,,,,,,,,,
11306563187,11306563186,1220191385,9.2,953,unclassified,,,,,,,,,,,
11306563187,11306563188,1220191385,27.3,957,unclassified,,,,,,,,,,,
11306563188,11306563189,1220191385,6.1,979,unclassified,,,,,,,,,,,
11306563189,11306563190,1220191385,17.2,982,unclassified,,,,,,,,,,,
11306563190,11306563191,1220191385,12.8,976,unclassified,,,,,,,,,,,
11306563215,11306563214,1220191385,22.1,1262,unclassified,,,,,,,,,,,
11306563215,11306563216,1220191385,31.7,1261,unclassified,,,,,,,,,,,
11306563217,11306563216,1220191385,20.3,1261,unclassified,,,,,,,,,,,
11306563217,11306563218,1220191385,41.4,1264,unclassified,,,,,,,,,,,
11306563218,11306563219,1220191385,25.8,1274,unclassified,,,,,,,,,,,
11306563219,11306563220,1220191385,29.3,1276,unclassified,,,,,,,,,,,
11306563221,11306563220,1220191385,31.2,1269,unclassified,,,,,,,,,,,
11306563221,11306563222,1220191385,51.5,1269,unclassified,,,,,,,,,,,
11306550666,11306550665,1220191385,9.6,1097,unclassified,,,,,,,,,,,
11306550666,11306550667,1220191385,7.5,1091,unclassified,,,,,,,,,,,
11306563169,11306550668,1220191385,14.6,1054,unclassified,,,,,,,,,,,
11306563169,11306563170,1220191385,6.0,1048,unclassified,,,,,,,,,,,
11306563170,11306563171,1220191385,19.7,1037,unclassified,,,,,,,,,,,
11306563171,11306563172,1220191385,46.4,1024,unclassified,,,,,,,,,,,
11306563172,11306563173,1220191385,19.1,1015,unclassified,,,,,,,,,,,
11306563173,11306563174,1220191385,21.5,1000,unclassified,,,,,,,,,,,
11306563174,11306563175,1220191385,7.0,1000,unclassified,,,,,,,,,,,
11306563175,11306563176,1220191385,15.4,1000,unclassified,,,,,,,,,,,
11306563176,11306563177,1220191385,4.3,1005,unclassified,,,,,,,,,,,
11306563177,11306563178,1220191385,11.3,995,unclassified,,,,,,,,,,,
11306563178,11306563179,1220191385,25.1,970,unclassified,,,,,,,,,,,
11306563179,11306563180,1220191385,5.8,965,unclassified,,,,,,,,,,,
11306563180,11306563181,1220191385,17.6,961,unclassified,,,,,,,,,,,
11306563181,11306563182,1220191385,49.7,961,unclassified,,,,,,,,,,,
11306563182,11306563183,1220191385,8.9,964,unclassified,,,,,,,,,,,
11306563183,11306563184,1220191385,17.8,953,unclassified,,,,,,,,,,,
11306563184,11306563185,1220191385,11.8,951,unclassified,,,,,,,,,,,
11306563185,12084337083,1220191385,12.2,951,unclassified,,,,,,,,,,,
11306563186,12084337083,1220191385,4.7,952,unclassified,,,,,,,,,,,
11306563191,11306563192,1220191385,9.4,973,unclassified,,,,,,,,,,,
11306563192,11306563193,1220191385,8.9,973,unclassified,,,,,,,,,,,
11306563193,11306563194,1220191385,11.7,973,unclassified,,,,,,,,,,,
11306563194,11306563195,1220191385,21.3,977,unclassified,,,,,,,,,,,
11306563195,11306563196,1220191385,9.7,989,unclassified,,,,,,,,,,,
11306563197,11306563198,1220191385,5.5,1030,unclassified,,,,,,,,,,,
11306563198,11306563199,1220191385,21.3,1035,unclassified,,,,,,,,,,,
11306563199,11306563200,1220191385,17.8,1055,unclassified,,,,,,,,,,,
11306563200,12084337082,1220191385,16.1,1071,unclassified,,,,,,,,,,,
11306563201,12084337082,1220191385,16.6,1083,unclassified,,,,,,,,,,,
11306563201,11306563202,1220191385,8.9,1097,unclassified,,,,,,,,,,,
11306563202,11306563203,1220191385,17.5,1106,unclassified,,,,,,,,,,,
11306563203,11306563204,1220191385,13.1,1122,unclassified,,,,,,,,,,,
11306563204,11306563205,1220191385,39.8,1132,unclassified,,,,,,,,,,,
11306563205,11306563206,1220191385,11.5,1170,unclassified,,,,,,,,,,,
11306563206,11306563207,1220191385,13.8,1180,unclassified,,,,,,,,,,,
11306563207,11306563208,1220191385,17.0,1188,unclassified,,,,,,,,,,,
11306563209,11306563210,1220191385,30.2,1240,unclassified,,,,,,,,,,,
11306563210,11306563211,1220191385,23.4,1255,unclassified,,,,,,,,,,,
11306563211,11306563212,1220191385,30.9,1263,unclassified,,,,,,,,,,,
11306563212,11306563213,1220191385,19.4,1267,unclassified,,,,,,,,,,,
11306563213,11306563214,1220191385,19.9,1270,unclassified,,,,,,,,,,,
11306550659,11306550660,1220191385,35.3,1197,unclassified,,,,,,,,,,,
11306550660,11306550661,1220191385,26.5,1174,unclassified,,,,,,,,,,,
11306550661,11306550662,1220191385,24.2,1150,unclassified,,,,,,,,,,,
11306550662,11306550663,1220191385,31.6,1122,unclassified,,,,,,,,,,,
11306550664,11306550663,1220191385,10.2,1113,unclassified,,,,,,,,,,,
11306550664,11306550665,1220191385,12.0,1104,unclassified,,,,,,,,,,,
11306550667,11306550668,1220191385,24.8,1066,unclassified,,,,,,,,,,,
11306563226,11306563225,1220191386,9.1,892,track,,,,,,,,,,,
11306563226,11306563227,1220191386,8.2,886,track,,,,,,,,,,,
11306563228,11306563227,1220191386,19.0,869,track,,,,,,,,,,,
11306563228,11306563229,1220191386,8.8,863,track,,,,,,,,,,,
11306563229,11306563230,1220191386,9.6,863,track,,,,,,,,,,,
11306563223,11306563300,1220191386,64.5,875,track,,,,,,,,,,,
11306563223,11306563224,1220191386,25.7,895,track,,,,,,,,,,,
11306563224,11306563225,1220191386,19.1,896,track,,,,,,,,,,,
11306563230,11306563231,1220191386,15.4,863,track,,,,,,,,,,,
11306563231,11306563232,1220191386,13.7,867,track,,,,,,,,,,,
11306563232,11306563233,1220191386,42.8,861,track,,,,,,,,,,,
11306563233,11306563234,1220191386,16.5,851,track,,,,,,,,,,,
11306563234,11306563235,1220191386,20.4,832,track,,,,,,,,,,,
11306563235,11306563236,1220191386,6.8,827,track,,,,,,,,,,,
11306563236,11306563237,1220191386,4.3,826,track,,,,,,,,,,,
11306563237,11306563238,1220191386,8.8,826,track,,,,,,,,,,,
11306563238,11306563239,1220191386,29.1,827,track,,,,,,,,,,,
11306563241,11306563240,1220191386,14.3,840,track,,,,,,,,,,,
11306563241,11306563242,1220191386,19.4,831,track,,,,,,,,,,,
11306563249,11306563248,1220191386,41.7,769,track,,,,,,,,,,,
11306563249,11306563250,1220191386,26.6,749,track,,,,,,,,,,,
11306563239,11306563240,1220191386,12.6,842,track,,,,,,,,,,,
11306563242,11306563243,1220191386,15.2,820,track,,,,,,,,,,,
11306563243,11306563244,1220191386,32.7,790,track,,,,,,,,,,,
11306563244,11306563245,1220191386,11.1,789,track,,,,,,,,,,,
11306563245,11306563246,1220191386,18.8,789,track,,,,,,,,,,,
11306563246,11306563247,1220191386,14.6,793,track,,,,,,,,,,,
11306563247,11306563248,1220191386,11.1,789,track,,,,,,,,,,,
11306563250,11306563251,1220191386,24.3,747,track,,,,,,,,,,,
12084824906,11306563286,1220191387,4.6,992,track,,,,,,,,,,,
12084824906,11306563287,1220191387,11.6,996,track,,,,,,,,,,,
5880622356,11306563297,1220191387,22.3,1220,track,,,,,,,,,,,
11306563251,11306563253,1220191387,29.8,747,track,,,,,,,,,,,
11306563251,12083694185,1220191387,18.5,734,track,,,,,,,,,,,
11306563252,11306563253,1220191387,18.0,772,track,,,,,,,,,,,
11306563254,12083694185,1220191387,13.6,725,track,,,,,,,,,,,
11306563254,11306563255,1220191387,22.5,703,track,,,,,,,,,,,
11306563255,11306563256,1220191387,29.7,673,track,,,,,,,,,,,
11306563256,11306563257,1220191387,31.6,642,track,,,,,,,,,,,
11306563257,11306563258,1220191387,12.1,631,track,,,,,,,,,,,
11306563258,11306563259,1220191387,29.6,613,track,,,,,,,,,,,
11306563259,11306563260,1220191387,7.9,608,track,,,,,,,,,,,
11306563260,11306563261,1220191387,42.2,595,track,,,,,,,,,,,
11306563261,11306563262,1220191387,20.5,595,track,,,,,,,,,,,
11306563262,11306563263,1220191387,14.3,601,track,,,,,,,,,,,
11306563263,11306563264,1220191387,26.6,609,track,,,,,,,,,,,
11306563264,11306563265,1220191387,38.4,626,track,,,,,,,,,,,
11306563265,11306563266,1220191387,22.2,647,track,,,,,,,,,,,
11306563266,11306563267,1220191387,11.3,656,track,,,,,,,,,,,
11306563267,11306563268,1220191387,15.4,665,track,,,,,,,,,,,
11306563268,11306563269,1220191387,6.7,679,track,,,,,,,,,,,
11306563269,11306563270,1220191387,25.0,674,track,,,,,,,,,,,
11306563270,11306563271,1220191387,13.3,673,track,,,,,,,,,,,
11306563271,11306563272,1220191387,29.6,673,track,,,,,,,,,,,
11306563272,11306563273,1220191387,34.2,677,track,,,,,,,,,,,
11306563273,11306563274,1220191387,8.7,679,track,,,,,,,,,,,
11306563274,11306563275,1220191387,11.1,682,track,,,,,,,,,,,
11306563275,11306563276,1220191387,11.4,688,track,,,,,,,,,,,
11306563276,11306563277,1220191387,16.7,697,track,,,,,,,,,,,
11306563277,11306563278,1220191387,15.1,714,track,,,,,,,,,,,
11306563278,11306563279,1220191387,8.1,729,track,,,,,,,,,,,
11306563279,11306563280,1220191387,27.2,736,track,,,,,,,,,,,
11306563280,11306563281,1220191387,14.1,747,track,,,,,,,,,,,
11306563281,11306563282,1220191387,20.0,755,track,,,,,,,,,,,
11306563282,11306563283,1220191387,39.6,770,track,,,,,,,,,,,
11306563283,11306563300,1220191387,68.9,806,track,,,,,,,,,,,
11306563284,11306563300,1220191387,36.0,875,track,,,,,,,,,,,
11306563284,11306563285,1220191387,71.7,910,track,,,,,,,,,,,
11306563285,11306563286,1220191387,17.5,975,track,,,,,,,,,,,
11306563287,11306563288,1220191387,35.2,1007,track,,,,,,,,,,,
11306563288,11306563289,1220191387,18.6,1029,track,,,,,,,,,,,
11306563289,11306563290,1220191387,14.5,1034,track,,,,,,,,,,,
11306563290,11306563291,1220191387,28.5,1043,track,,,,,,,,,,,
11306563291,11306563292,1220191387,31.5,1068,track,,,,,,,,,,,
11306563292,11306563293,1220191387,39.0,1098,track,,,,,,,,,,,
11306563293,11306563294,1220191387,30.5,1136,track,,,,,,,,,,,
11306563294,11306563295,1220191387,19.1,1166,track,,,,,,,,,,,
11306563295,11306563296,1220191387,28.3,1185,track,,,,,,,,,,,
11306563296,11306563297,1220191387,10.4,1210,track,,,,,,,,,,,
5880623648,11306563303,1220191388,67.3,812,track,,,,,,,,,,,
11306563298,11306563304,1220191388,40.4,798,track,,,,,,,,,,,
11306563298,11306563299,1220191388,93.3,810,track,,,,,,,,,,,
11306563299,11306563300,1220191388,43.9,849,track,,,,,,,,,,,
11306563300,11306563311,1220191388,17.0,870,track,,,,,,,,,,,
11306563301,11306563311,1220191388,12.5,864,track,,,,,,,,,,,
11306563301,11306563302,1220191388,27.5,845,track,,,,,,,,,,,
11306563302,11306563303,1220191388,17.9,836,track,,,,,,,,,,,
11306563304,11306563305,1220191388,22.8,789,track,,,,,,,,,,,
11306563305,11306563310,1220191388,14.9,775,track,,,,,,,,,,,
11306563305,11306563306,1220191388,15.5,781,track,,,,,,,,,,,
11306563306,11306563307,1220191388,5.1,778,track,,,,,,,,,,,
11306563307,11306563308,1220191388,5.4,773,track,,,,,,,,,,,
11306563308,11306563309,1220191388,6.4,770,track,,,,,,,,,,,
11306563309,11306563310,1220191388,6.3,770,track,,,,,,,,,,,
12084824952,11306563319,1220191389,17.0,921,track,,,,,,,,,,,
12084824952,11306563321,1220191389,18.6,917,track,,,,,,,,,,,
5880622487,11306563320,1220191389,15.4,896,track,,,,,,,,,,,
11306563285,11306563313,1220191389,47.1,939,track,,,,,,,,,,,
11306563313,11306563314,1220191389,58.0,934,track,,,,,,,,,,,
11306563314,11306563315,1220191389,28.2,934,track,,,,,,,,,,,
11306563315,11306563322,1220191389,17.5,931,track,,,,,,,,,,,
11306563316,11306563322,1220191389,17.8,929,track,,,,,,,,,,,
11306563316,11306563317,1220191389,33.8,929,track,,,,,,,,,,,
11306563317,11306563318,1220191389,31.9,932,track,,,,,,,,,,,
11306563318,11306563319,1220191389,27.3,926,track,,,,,,,,,,,
11306563320,11306563321,1220191389,57.6,896,track,,,,,,,,,,,
11306563337,11306563339,1220191391,37.2,1478,unclassified,,,,,,,,,,,
11306563337,11306563346,1220191391,29.4,1452,unclassified,,,,,,,,,,,
11306563346,11306563347,1220191391,34.3,1419,unclassified,,,,,,,,,,,
12083700530,12083700531,1304695397,11.5,433,track,,,,,,,,,,,
12083700531,12083700532,1304695397,13.0,439,track,,,,,,,,,,,
12083700532,12083700533,1304695397,10.8,440,track,,,,,,,,,,,
12083700533,12083700534,1304695397,16.6,443,track,,,,,,,,,,,
12083700534,12083700535,1304695397,18.2,445,track,,,,,,,,,,,
12083700535,12084743430,1304695397,8.3,445,track,,,,,,,,,,,
12083700536,12084743430,1304695397,4.0,445,track,,,,,,,,,,,
12083700536,12083700537,1304695397,18.4,441,track,,,,,,,,,,,
12083700537,12083700538,1304695397,16.9,437,track,,,,,,,,,,,
12083700538,12083700539,1304695397,17.6,437,track,,,,,,,,,,,
12083700539,12083700540,1304695397,8.5,435,track,,,,,,,,,,,
12083700540,12083700541,1304695397,13.9,432,track,,,,,,,,,,,
12083700541,12083700542,1304695397,13.7,426,track,,,,,,,,,,,
12083700542,12083700543,1304695397,12.4,420,track,,,,,,,,,,,
12083700543,12083700544,1304695397,11.4,418,track,,,,,,,,,,,
12083700544,12083700545,1304695397,10.9,418,track,,,,,,,,,,,
12083694173,12083694174,1304695877,8.2,591,track,,,,,,,,,,,
12083694174,12083694175,1304695877,11.2,599,track,,,,,,,,,,,
12083694175,12083694176,1304695877,10.9,610,track,,,,,,,,,,,
12083694176,12083694177,1304695877,14.5,620,track,,,,,,,,,,,
12083694177,12083694178,1304695877,12.3,628,track,,,,,,,,,,,
12083694178,12083694179,1304695877,14.0,639,track,,,,,,,,,,,
12083694179,12083694180,1304695877,17.0,652,track,,,,,,,,,,,
12083694180,12083694181,1304695877,17.7,667,track,,,,,,,,,,,
12083694181,12083694182,1304695877,17.3,683,track,,,,,,,,,,,
12083694182,12083694183,1304695877,17.8,699,track,,,,,,,,,,,
12083694183,12083694184,1304695877,14.5,715,track,,,,,,,,,,,
12083694184,12083694185,1304695877,20.2,726,track,,,,,,,,,,,
12083694192,12083694191,1304695878,15.7,857,track,,,,,,,,,,,
12083694186,11306563252,1304695878,19.2,790,track,,,,,,,,,,,
12083694186,12083694187,1304695878,17.5,807,track,,,,,,,,,,,
12083694187,12083694188,1304695878,18.2,822,track,,,,,,,,,,,
12083694188,12083694189,1304695878,16.2,834,track,,,,,,,,,,,
12083694191,12083694190,1304695878,15.7,845,track,,,,,,,,,,,
12083694189,12083694190,1304695878,15.8,838,track,,,,,,,,,,,
12084179046,12084179047,1304758392,9.1,1494,track,,,unpaved,,,,,,,,
12084179047,12084179048,1304758392,17.0,1477,track,,,unpaved,,,,,,,,
12085404022,12085404023,1304866455,18.5,1488,residential,,,,,,,,,,,
12085404023,12085404024,1304866455,12.4,1476,residential,,,,,,,,,,,
12085404024,12085404025,1304866455,12.4,1465,residential,,,,,,,,,,,
12085404025,12085404026,1304866455,21.5,1457,residential,,,,,,,,,,,
12085404026,12085404027,1304866455,24.6,1445,residential,,,,,,,,,,,
12085404027,12085404028,1304866455,21.5,1433,residential,,,,,,,,,,,
12085404028,12085404029,1304866455,15.3,1418,residential,,,,,,,,,,,
12085404029,12085404030,1304866455,26.3,1393,residential,,,,,,,,,,,
12085404030,12085404031,1304866455,21.5,1372,residential,,,,,,,,,,,
12085404031,12085404032,1304866455,22.4,1351,residential,,,,,,,,,,,
12085404032,12085404033,1304866455,6.7,1345,residential,,,,,,,,,,,
12085404033,12085404034,1304866455,5.6,1340,residential,,,,,,,,,,,
12085404034,12085404035,1304866455,13.1,1332,residential,,,,,,,,,,,
12085404035,12085404036,1304866455,26.1,1318,residential,,,,,,,,,,,
12085404036,12085404037,1304866455,32.6,1300,residential,,,,,,,,,,,
12085404034,12085404038,1304866510,17.2,1340,residential,,,,,,,,,,,
12085404038,12085404039,1304866510,33.0,1356,residential,,,,,,,,,,,
12085404039,12085404040,1304866510,30.2,1385,residential,,,,,,,,,,,
12085404040,12085404041,1304866510,28.2,1409,residential,,,,,,,,,,,
12094707815,12094707816,1305881543,12.3,693,residential,,,,,,,,,,,
12094707816,12094707817,1305881543,31.4,698,residential,,,,,,,,,,,
12094707817,12094707818,1305881543,20.0,706,residential,,,,,,,,,,,
12094707818,12094707819,1305881543,14.8,704,residential,,,,,,,,,,,
12094707819,12094707820,1305881543,16.9,704,residential,,,,,,,,,,,
12094707820,12094707821,1305881543,19.1,707,residential,,,,,,,,,,,
3249489353,12396056438,1340091354,19.5,1370,unclassified,,,,,,,,,,,
12396056438,12396056439,1340091354,20.0,1388,unclassified,,,,,,,,,,,
12396056439,12396056440,1340091354,23.4,1407,unclassified,,,,,,,,,,,
12396056440,12396056441,1340091354,29.0,1429,unclassified,,,,,,,,,,,
12396056441,12396056442,1340091354,52.8,1447,unclassified,,,,,,,,,,,
12396056442,12396056443,1340091354,24.9,1472,unclassified,,,,,,,,,,,
12396056441,12396056444,1340091355,54.5,1447,unclassified,,,,,,,,,,,
12396056444,12396056445,1340091355,30.2,1449,unclassified,,,,,,,,,,,
12396056445,12396056446,1340091355,40.1,1435,unclassified,,,,,,,,,,,
12396056446,12396056447,1340091355,37.6,1420,unclassified,,,,,,,,,,,
12396056447,12396056448,1340091355,38.6,1403,unclassified,,,,,,,,,,,
7428737125,5883092569,1347557913,23.2,1218,track,,,unpaved,,,,,,,,
